date,cum_diagnoses,new_diagnoses,cum_severe,new_severe,cum_deaths,new_deaths,new_tests,new_tests_fb,CELR_tests
2020-01-22,,,,,,,0.0,,0.0
2020-01-23,1.7142857142857142,0.8571428571428571,,,0.0,0.0,0.0,,0.0
2020-01-24,,,,,,,0.0,,0.0
2020-01-25,,,,,,,0.0,,0.0
2020-01-26,,,,,,,0.0,,0.0
2020-01-27,,,,,,,0.0,,0.0
2020-01-28,,,,,,,0.0,,0.0
2020-01-29,,,,,,,0.0,,0.0
2020-01-30,3.142857142857143,1.4285714285714286,,,0.0,0.0,0.0,,0.0
2020-01-31,,,,,,,0.0,,0.0
2020-02-01,,,,,,,0.0,,0.0
2020-02-02,,,,,,,0.0,,0.0
2020-02-03,,,,,,,0.0,,0.0
2020-02-04,,,,,,,0.0,,0.0
2020-02-05,,,,,,,0.0,,0.0
2020-02-06,4.571428571428571,1.4285714285714286,,,0.0,0.0,0.0,,0.0
2020-02-07,,,,,,,0.0,,0.0
2020-02-08,,,,,,,0.0,,0.0
2020-02-09,,,,,,,0.0,,0.0
2020-02-10,,,,,,,0.0,,0.0
2020-02-11,,,,,,,0.0,,0.0
2020-02-12,,,,,,,0.0,,0.0
2020-02-13,6.7142857142857135,2.142857142857143,,,0.0,0.0,0.0,,0.0
2020-02-14,,,,,,,0.0,,0.0
2020-02-15,,,,,,,0.0,,0.0
2020-02-16,,,,,,,0.0,,0.0
2020-02-17,,,,,,,0.0,,0.0
2020-02-18,,,,,,,0.0,,0.0
2020-02-19,,,,,,,0.0,,0.0
2020-02-20,10.142857142857142,3.4285714285714284,,,0.0,0.0,0.0,,0.0
2020-02-21,,,,,,,0.0,,0.0
2020-02-22,,,,,,,0.0,,0.0
2020-02-23,,,,,,,0.0,,0.0
2020-02-24,,,,,,,0.0,,0.0
2020-02-25,,,,,,,0.0,,0.0
2020-02-26,,,,,,,0.0,,0.0
2020-02-27,26.0,15.857142857142858,,,0.8571428571428571,0.8571428571428571,0.0,,0.0
2020-02-28,,,,,,,0.0,,0.0
2020-02-29,,,,,,,0.0,,0.0
2020-03-01,,,,,,,0.0,,0.0
2020-03-02,,,,,,,0.0,,0.0
2020-03-03,,,,,,,0.0,,0.0
2020-03-04,,,,,,,0.0,,0.0
2020-03-05,188.28571428571428,162.28571428571428,,,2.0,1.1428571428571428,0.0,,0.0
2020-03-06,,,,,,,0.0,,0.0
2020-03-07,,,,,,,0.0,,974.0
2020-03-08,,,,,,,2097.0,1165.0,1157.0
2020-03-09,,,,,,,2581.2000000000003,1434.0,1425.0
2020-03-10,,,,,,,3317.4,1843.0,1827.0
2020-03-11,,,,,,,4330.8,2406.0,2388.0
2020-03-12,1325.7142857142856,1137.428571428571,,,20.142857142857142,18.142857142857142,6309.0,3505.0,3457.0
2020-03-13,,,,,,,8933.4,4963.0,4882.0
2020-03-14,,,,,,,11831.4,6573.0,6480.0
2020-03-15,,,,,,,15123.6,8402.0,8302.0
2020-03-16,,,,,,,21535.2,11964.0,11825.0
2020-03-17,,,,,,,30888.0,17160.0,16989.0
2020-03-18,,,,,,,42604.200000000004,23669.0,23471.0
2020-03-19,9832.57142857143,8506.857142857143,,,181.1428571428571,161.0,55917.0,31065.0,30835.0
2020-03-20,,,,,,,72527.40000000001,40293.0,40032.0
2020-03-21,,,,,,,88666.2,49259.0,48957.0
2020-03-22,,,,,,,103964.40000000001,57758.0,57396.0
2020-03-23,,,,,,,117473.40000000001,65263.0,64894.0
2020-03-24,,,,,,,134125.2,74514.0,74113.0
2020-03-25,,,,,,,150663.6,83702.0,83257.0
2020-03-26,31825.857142857145,21993.285714285714,,,908.5714285714286,727.4285714285714,168307.2,93504.0,93191.0
2020-03-27,,,,,,,183614.4,102008.0,101928.0
2020-03-28,,,,,,,195431.4,108573.0,108486.0
2020-03-29,,,,,,,204771.6,113762.0,113797.0
2020-03-30,,,,,,,215991.0,119995.0,120117.0
2020-03-31,,,,,,,225680.4,125378.0,125516.0
2020-04-01,,,,,,,235560.6,130867.0,131073.0
2020-04-02,63179.42857142857,31353.571428571428,,,2703.285714285714,1794.7142857142858,243919.80000000002,135511.0,135665.0
2020-04-03,,,,,,,252523.80000000002,140291.0,140320.0
2020-04-04,,,,,,,259209.0,144005.0,144055.0
2020-04-05,,,,,,,266509.8,148061.0,148042.0
2020-04-06,,,,,,,271553.4,150863.0,150781.0
2020-04-07,,,,,,,281250.0,156250.0,156198.0
2020-04-08,,,,,,,285157.8,158421.0,158493.0
2020-04-09,92705.28571428572,29525.85714285714,,,4923.142857142857,2219.8571428571427,288315.0,160175.0,160299.0
2020-04-10,,,,,,,289038.60000000003,160577.0,160672.0
2020-04-11,,,,,,,305172.0,169540.0,169655.0
2020-04-12,,,,,,,298207.8,165671.0,165847.0
2020-04-13,,,,,,,290777.4,161543.0,161729.0
2020-04-14,,,,,,,286300.8,159056.0,159271.0
2020-04-15,,,,,,,287350.2,159639.0,159753.0
2020-04-16,121056.57142857142,28351.285714285714,0.1428571428571428,0.1428571428571428,7130.142857142857,2207.0,289976.4,161098.0,161120.0
2020-04-17,,,,,,,296791.2,164884.0,164911.0
2020-04-18,,,,,,,285701.4,158723.0,158772.0
2020-04-19,,,,,,,291576.60000000003,161987.0,162026.0
2020-04-20,,,,,,,303490.8,168606.0,168670.0
2020-04-21,,,,,,,318594.60000000003,176997.0,177092.0
2020-04-22,,,,,,,334929.60000000003,186072.0,186127.0
2020-04-23,149349.0,28292.428571428572,0.2857142857142857,0.1428571428571428,9116.142857142857,1986.0,347549.4,193083.0,193206.0
2020-04-24,,,,,,,363249.0,201805.0,201922.0
2020-04-25,,,,,,,376700.4,209278.0,209326.0
2020-04-26,,,,,,,386283.60000000003,214602.0,214648.0
2020-04-27,,,,,,,403097.4,223943.0,223986.0
2020-04-28,,,,,,,415573.2,230874.0,230907.0
2020-04-29,,,,,,,430734.60000000003,239297.0,239300.0
2020-04-30,176330.85714285713,26981.85714285714,0.2857142857142857,0.0,10948.0,1831.857142857143,453700.8,252056.0,252057.0
2020-05-01,,,,,,,473540.4,263078.0,263030.0
2020-05-02,,,,,,,486084.60000000003,270047.0,269955.0
2020-05-03,,,,,,,495343.8,275191.0,275038.0
2020-05-04,,,,,,,501732.0,278740.0,278563.0
2020-05-05,,,,,,,514492.2,285829.0,285560.0
2020-05-06,,,,,,,531171.0,295095.0,294782.0
2020-05-07,199198.0,22867.14285714286,0.5714285714285714,0.2857142857142857,12438.0,1490.0,541470.6,300817.0,300378.0
2020-05-08,,,,,,,558680.4,310378.0,309952.0
2020-05-09,,,,,,,575994.6,319997.0,319476.0
2020-05-10,,,,,,,586634.4,325908.0,325351.0
2020-05-11,,,,,,,604420.2000000001,335789.0,335250.0
2020-05-12,,,,,,,630804.6,350447.0,349913.0
2020-05-13,,,,,,,654123.6,363402.0,362667.0
2020-05-14,221752.2857142857,22554.285714285714,1.0,0.4285714285714285,13795.57142857143,1357.571428571429,676665.0,375925.0,375163.0
2020-05-15,,,,,,,687443.4,381913.0,380856.0
2020-05-16,,,,,,,695248.2000000001,386249.0,386041.0
2020-05-17,,,,,,,709491.6,394162.0,393722.0
2020-05-18,,,,,,,718029.0,398905.0,398865.0
2020-05-19,,,,,,,721119.6,400622.0,400291.0
2020-05-20,,,,,,,724348.8,402416.0,401918.0
2020-05-21,242650.0,20897.714285714286,1.4285714285714286,0.4285714285714285,14770.285714285716,974.7142857142856,726773.4,403763.0,403226.0
2020-05-22,,,,,,,738840.6,410467.0,408071.0
2020-05-23,,,,,,,745077.6,413932.0,410313.0
2020-05-24,,,,,,,755994.6,419997.0,416876.0
2020-05-25,,,,,,,749817.0,416565.0,413945.0
2020-05-26,,,,,,,756869.4,420483.0,418453.0
2020-05-27,,,,,,,780213.6,433452.0,431664.0
2020-05-28,263494.28571428574,20844.285714285714,1.7142857142857144,0.2857142857142857,15702.000000000002,931.7142857142856,799997.4,444443.0,442471.0
2020-05-29,,,,,,,814066.2000000001,452259.0,452343.0
2020-05-30,,,,,,,830467.8,461371.0,461800.0
2020-05-31,,,,,,,837316.8,465176.0,465540.0
2020-06-01,,,,,,,865688.4,480938.0,480527.0
2020-06-02,,,,,,,881321.4,489623.0,488744.0
2020-06-03,,,,,,,888737.4,493743.0,493063.0
2020-06-04,283923.7142857143,20429.428571428572,1.8571428571428572,0.1428571428571428,16431.285714285717,729.2857142857143,909833.4,505463.0,504950.0
2020-06-05,,,,,,,916547.4,509193.0,509003.0
2020-06-06,,,,,,,919224.0,510680.0,510433.0
2020-06-07,,,,,,,927491.4,515273.0,515096.0
2020-06-08,,,,,,,930054.6,516697.0,516411.0
2020-06-09,,,,,,,939900.6,522167.0,522033.0
2020-06-10,,,,,,,951834.6,528797.0,528418.0
2020-06-11,306575.28571428574,22651.571428571428,2.0,0.1428571428571428,17093.857142857145,662.5714285714286,950871.6,528262.0,528127.0
2020-06-12,,,,,,,962013.6,534452.0,534153.0
2020-06-13,,,,,,,979309.8,544061.0,543870.0
2020-06-14,,,,,,,981235.8,545131.0,544818.0
2020-06-15,,,,,,,995949.0,553305.0,553081.0
2020-06-16,,,,,,,1024898.4,569388.0,569056.0
2020-06-17,,,,,,,1044736.2000000001,580409.0,579982.0
2020-06-18,337843.4285714286,31268.14285714286,2.0,0.0,17678.428571428572,584.5714285714286,1067144.4000000001,592858.0,591964.0
2020-06-19,,,,,,,1089712.8,605396.0,602417.0
2020-06-20,,,,,,,1103209.2,612894.0,610480.0
2020-06-21,,,,,,,1105336.8,614076.0,612123.0
2020-06-22,,,,,,,1116005.4000000001,620003.0,618234.0
2020-06-23,,,,,,,1123113.6,623952.0,622383.0
2020-06-24,,,,,,,1138822.2,632679.0,630953.0
2020-06-25,382217.4285714286,44374.0,2.0,0.0,18228.57142857143,550.1428571428571,1156703.4000000001,642613.0,640772.0
2020-06-26,,,,,,,1183901.4000000001,657723.0,657620.0
2020-06-27,,,,,,,1212060.6,673367.0,672246.0
2020-06-28,,,,,,,1249326.0,694070.0,692400.0
2020-06-29,,,,,,,1279420.2,710789.0,708988.0
2020-06-30,,,,,,,1319430.6,733017.0,732087.0
2020-07-01,,,,,,,1349713.8,749841.0,750195.0
2020-07-02,434848.4285714286,52631.0,2.0,0.0,18863.71428571429,635.1428571428571,1372152.6,762307.0,763578.0
2020-07-03,,,,,,,1369868.4000000001,761038.0,762722.0
2020-07-04,,,,,,,1351096.2,750609.0,753076.0
2020-07-05,,,,,,,1340994.6,744997.0,747218.0
2020-07-06,,,,,,,1356622.2,753679.0,756134.0
2020-07-07,,,,,,,1368824.4000000001,760458.0,762134.0
2020-07-08,,,,,,,1393572.6,774207.0,776133.0
2020-07-09,497719.28571428574,62870.857142857145,21.285714285714285,19.285714285714285,19639.428571428576,775.7142857142857,1433003.4000000001,796113.0,797454.0
2020-07-10,,,,,,,1488286.8,826826.0,828176.0
2020-07-11,,,,,,,1544769.0,858205.0,859117.0
2020-07-12,,,,,,,1588739.4000000001,882633.0,884454.0
2020-07-13,,,,,,,1625347.8,902971.0,905458.0
2020-07-14,,,,,,,1651158.0,917310.0,919693.0
2020-07-15,,,,,,,1665151.2,925084.0,926514.0
2020-07-16,564389.5714285715,66670.28571428571,886.8571428571429,865.5714285714286,20511.571428571435,872.1428571428571,1669534.2,927519.0,928764.0
2020-07-17,,,,,,,1677600.0,932000.0,932544.0
2020-07-18,,,,,,,1696177.8,942321.0,943152.0
2020-07-19,,,,,,,1701423.0,945235.0,945199.0
2020-07-20,,,,,,,1711594.8,950886.0,949030.0
2020-07-21,,,,,,,1719950.4000000001,955528.0,953406.0
2020-07-22,,,,,,,1739097.0,966165.0,965106.0
2020-07-23,628993.2857142858,64603.71428571428,6181.571428571428,5294.714285714285,21589.571428571435,1078.0,1753252.2,974029.0,973650.0
2020-07-24,,,,,,,1760272.2,977929.0,978779.0
2020-07-25,,,,,,,1799552.1176552793,999751.1764751552,974486.0
2020-07-26,,,,,,,1838832.0353105587,1021573.3529503105,969502.0
2020-07-27,,,,,,,1878111.9529658381,1043395.5294254656,955276.0
2020-07-28,,,,,,,1917391.870621118,1065217.7059006211,946379.0
2020-07-29,,,,,,,1956671.7882763974,1087039.8823757763,934743.0
2020-07-30,686035.7142857143,57042.42857142857,11397.285714285714,5215.714285714285,22646.28571428572,1056.7142857142858,1995951.705931677,1108862.0588509317,927653.0
2020-07-31,,,,,,,2035231.623586956,1130684.2353260866,914460.0
2020-08-01,,,,,,,2074511.5412422365,1152506.4118012425,901774.0
2020-08-02,,,,,,,2113791.4588975157,1174328.5882763974,893042.0
2020-08-03,,,,,,,2153071.3765527946,1196150.7647515526,889408.0
2020-08-04,,,,,,,2192351.294208074,1217972.9412267078,876131.0
2020-08-05,,,,,,,2231631.2118633543,1239795.1177018634,866800.0
2020-08-06,740043.8571428572,54008.142857142855,15884.571428571428,4487.285714285715,23692.714285714297,1046.428571428571,2270911.1295186337,1261617.2941770186,860756.0
2020-08-07,,,,,,,2310191.047173912,1283439.4706521735,865080.0
2020-08-08,,,,,,,2349470.964829192,1305261.647127329,868004.0
2020-08-09,,,,,,,2388750.882484472,1327083.8236024843,869361.0
2020-08-10,,,,,,,2428030.8001397518,1348906.0000776397,870325.0
2020-08-11,,,,,,,2467310.7177950307,1370728.1765527949,874360.0
2020-08-12,,,,,,,2506590.63545031,1392550.35302795,882283.0
2020-08-13,787337.5714285715,47293.71428571428,21749.428571428572,5864.857142857143,24697.28571428572,1004.5714285714286,2545870.5531055904,1414372.5295031057,879752.0
2020-08-14,,,,,,,2585150.47076087,1436194.7059782608,871901.0
2020-08-15,,,,,,,2624430.3884161487,1458016.882453416,865196.0
2020-08-16,,,,,,,2663710.306071429,1479839.0589285716,857527.0
2020-08-17,,,,,,,2702990.2237267084,1501661.2354037268,842041.0
2020-08-18,,,,,,,2742270.141381988,1523483.411878882,838624.0
2020-08-19,,,,,,,2781550.0590372668,1545305.5883540371,836520.0
2020-08-20,829627.8571428572,42290.28571428572,25307.0,3557.5714285714284,25636.142857142862,938.8571428571428,2820829.976692547,1567127.7648291928,839395.0
2020-08-21,,,,,,,2860109.8943478265,1588949.941304348,839731.0
2020-08-22,,,,,,,2899389.812003106,1610772.117779503,843650.0
2020-08-23,,,,,,,2938669.7296583853,1632594.2942546585,841659.0
2020-08-24,,,,,,,2977949.647313665,1654416.470729814,840441.0
2020-08-25,,,,,,,3017229.5649689445,1676238.647204969,843008.0
2020-08-26,,,,,,,3056509.482624224,1698060.8236801242,843593.0
2020-08-27,871001.0,41373.142857142855,28586.571428571428,3279.5714285714284,26508.28571428572,872.1428571428571,3095789.400279503,1719883.0001552794,846924.0
2020-08-28,,,,,,,3135069.317934783,1741705.176630435,850015.0
2020-08-29,,,,,,,3174349.2355900626,1763527.3531055902,850303.0
2020-08-30,,,,,,,3213629.153245342,1785349.5295807454,857697.0
2020-08-31,,,,,,,3252909.0709006204,1807171.7060559003,856955.0
2020-09-01,,,,,,,3292188.9885559008,1828993.882531056,857446.0
2020-09-02,,,,,,,3331468.90621118,1850816.059006211,858852.0
2020-09-03,907476.8571428572,36475.857142857145,31865.714285714286,3279.1428571428573,27253.714285714297,745.4285714285714,3370748.82386646,1872638.2354813665,860502.0
2020-09-04,,,,,,,3410028.741521739,1894460.4119565217,862133.0
2020-09-05,,,,,,,3449308.6591770193,1916282.5884316773,864911.0
2020-09-06,,,,,,,3488588.5768322987,1938104.7649068325,858288.0
2020-09-07,,,,,,,3527868.494487578,1959926.9413819876,822995.0
2020-09-08,,,,,,,3567148.412142857,1981749.1178571428,788198.0
2020-09-09,,,,,,,3536046.147857143,1964470.0821428571,778544.0
2020-09-10,946028.1428571428,38551.28571428572,35151.857142857145,3286.1428571428573,28079.42857142858,825.7142857142857,3622009.1489999997,2012227.305,786121.0
2020-09-11,,,,,,,3612522.6720000003,2006957.04,800826.0
2020-09-12,,,,,,,3645333.3651428577,2025185.202857143,807774.0
2020-09-13,,,,,,,3637987.621714286,2021104.2342857143,816630.0
2020-09-14,,,,,,,3631390.8698571427,2017439.372142857,858450.0
2020-09-15,,,,,,,3632462.2761428575,2018034.597857143,901893.0
2020-09-16,,,,,,,3666136.093714285,2036742.274285714,927715.0
2020-09-17,989669.8571428572,43641.71428571428,38363.857142857145,3212.0,28855.57142857144,776.1428571428571,3676807.473428571,2042670.8185714283,938145.0
2020-09-18,,,,,,,3705638.1968571427,2058687.887142857,956329.0
2020-09-19,,,,,,,3707724.494571429,2059846.9414285717,966904.0
2020-09-20,,,,,,,3719803.102714286,2066557.2792857145,965915.0
2020-09-21,,,,,,,3733081.2938571423,2073934.0521428569,971631.0
2020-09-22,,,,,,,3749828.063142857,2083237.8128571429,980205.0
2020-09-23,,,,,,,3749908.635,2083282.575,989493.0
2020-09-24,1031983.0,42313.142857142855,41859.0,3495.1428571428573,29592.285714285725,736.7142857142857,3759278.857714286,2088488.2542857144,996446.0
2020-09-25,,,,,,,3777979.759714286,2098877.6442857143,982618.0
2020-09-26,,,,,,,3806114.951571428,2114508.306428571,982379.0
2020-09-27,,,,,,,3827246.459142857,2126248.032857143,979067.0
2020-09-28,,,,,,,3831300.339428571,2128500.1885714284,967662.0
2020-09-29,,,,,,,3864198.69,2146777.05,961563.0
2020-09-30,,,,,,,3871904.5671428572,2151058.092857143,960533.0
2020-10-01,1077172.857142857,45189.857142857145,46031.57142857143,4172.571428571428,30308.714285714297,716.4285714285714,3882122.937,2156734.965,963565.0
2020-10-02,,,,,,,3880905.2370000007,2156058.4650000003,972194.0
2020-10-03,,,,,,,3892008.1577142864,2162226.7542857146,977628.0
2020-10-04,,,,,,,3937315.465285714,2187397.4807142853,983840.0
2020-10-05,,,,,,,3951723.0201428575,2195401.677857143,1003792.0
2020-10-06,,,,,,,3960713.931428572,2200396.628571429,1038499.0
2020-10-07,,,,,,,4003324.6062857145,2224069.225714286,1069244.0
2020-10-08,1129896.4285714284,52723.57142857143,50929.71428571428,4898.142857142857,31066.14285714287,757.4285714285714,4055942.271857143,2253301.262142857,1098348.0
2020-10-09,,,,,,,4120672.743,2289262.635,1128578.0
2020-10-10,,,,,,,4175901.5052857143,2319945.2807142856,1147235.0
2020-10-11,,,,,,,4240300.227428572,2355722.348571429,1162450.0
2020-10-12,,,,,,,4325285.377285715,2402936.320714286,1162811.0
2020-10-13,,,,,,,4381456.096285715,2434142.2757142857,1139801.0
2020-10-14,,,,,,,4445429.896285715,2469683.2757142857,1113989.0
2020-10-15,1191421.5714285714,61525.142857142855,56537.0,5607.285714285715,31902.57142857144,836.4285714285714,4484637.460285715,2491465.255714286,1095375.0
2020-10-16,,,,,,,4494999.832714287,2497222.1292857146,1086221.0
2020-10-17,,,,,,,4544710.462285714,2524839.145714286,1088135.0
2020-10-18,,,,,,,4578100.178142859,2543388.9878571434,1091427.0
2020-10-19,,,,,,,4591430.429142858,2550794.682857143,1101076.0
2020-10-20,,,,,,,4615071.417000001,2563928.5650000004,1131073.0
2020-10-21,,,,,,,4636253.711571428,2575696.506428571,1166501.0
2020-10-22,1266224.7142857143,74803.14285714286,62728.28571428572,6191.285714285715,32780.57142857144,878.0,4645937.269285714,2581076.2607142855,1199803.0
2020-10-23,,,,,,,4703699.823428572,2613166.568571429,1217938.0
2020-10-24,,,,,,,4700905.562571429,2611614.2014285713,1226668.0
2020-10-25,,,,,,,4698255.092142857,2610141.7178571424,1229753.0
2020-10-26,,,,,,,4747839.114857143,2637688.397142857,1240983.0
2020-10-27,,,,,,,4808007.368999999,2671115.2049999996,1250170.0
2020-10-28,,,,,,,4828145.538857142,2682303.077142857,1253366.0
2020-10-29,1365477.2857142857,99252.57142857143,69790.0,7061.714285714285,33799.7142857143,1019.1428571428572,4843753.907142857,2690974.3928571427,1246826.0
2020-10-30,,,,,,,4841301.196285714,2689611.7757142857,1252084.0
2020-10-31,,,,,,,4905130.187571429,2725072.3264285713,1258136.0
2020-11-01,,,,,,,4903665.468428571,2724258.593571428,1273067.0
2020-11-02,,,,,,,4933259.524285715,2740699.735714286,1281615.0
2020-11-03,,,,,,,4916094.239571429,2731163.4664285714,1285388.0
2020-11-04,,,,,,,4953268.371857143,2751815.762142857,1303686.0
2020-11-05,1495044.7142857143,129567.42857142857,78692.71428571429,8902.714285714286,34975.57142857144,1175.857142857143,5011236.577285715,2784020.320714286,1333153.0
2020-11-06,,,,,,,5089936.613142856,2827742.562857142,1358768.0
2020-11-07,,,,,,,5094349.396714286,2830194.1092857146,1392013.0
2020-11-08,,,,,,,5125234.2145714285,2847352.3414285714,1408210.0
2020-11-09,,,,,,,5153225.191714285,2862902.884285714,1437877.0
2020-11-10,,,,,,,5181220.539,2878455.855,1462123.0
2020-11-11,,,,,,,5221984.807285714,2901102.6707142857,1485323.0
2020-11-12,1657831.142857143,162786.42857142858,89430.14285714286,10737.42857142857,36341.85714285716,1366.2857142857142,5273215.016142857,2929563.897857143,1507842.0
2020-11-13,,,,,,,5264807.455285714,2924893.0307142856,1541731.0
2020-11-14,,,,,,,5320386.932142857,2955770.5178571427,1561983.0
2020-11-15,,,,,,,5425495.953428572,3014164.418571429,1588505.0
2020-11-16,,,,,,,5460330.447,3033516.9149999996,1625780.0
2020-11-17,,,,,,,5572640.021142858,3095911.122857143,1677019.0
2020-11-18,,,,,,,5552097.252428571,3084498.473571428,1721129.0
2020-11-19,1837089.4285714289,179258.2857142857,101430.0,11999.857142857143,38136.57142857144,1794.7142857142858,5555941.620428572,3086634.233571429,1751698.0
2020-11-20,,,,,,,5638750.778571428,3132639.321428571,1786529.0
2020-11-21,,,,,,,5674471.265571428,3152484.036428571,1823134.0
2020-11-22,,,,,,,5696024.767714286,3164458.2042857143,1855100.0
2020-11-23,,,,,,,5727532.521857142,3181962.5121428566,1882807.0
2020-11-24,,,,,,,5759649.253285715,3199805.1407142864,1894202.0
2020-11-25,,,,,,,5889636.946285714,3272020.5257142857,1912361.0
2020-11-26,2004831.8571428573,167742.42857142858,114063.57142857143,12633.57142857143,39932.7142857143,1796.142857142857,5982851.244857145,3323806.247142858,1832152.0
2020-11-27,,,,,,,5993408.746285714,3329671.5257142857,1739989.0
2020-11-28,,,,,,,6003229.348285714,3335127.4157142853,1667182.0
2020-11-29,,,,,,,6016828.681285714,3342682.6007142854,1628221.0
2020-11-30,,,,,,,6026910.685714287,3348283.714285715,1598656.0
2020-12-01,,,,,,,6017443.853142858,3343024.362857143,1579950.0
2020-12-02,,,,,,,6010554.895714287,3339197.1642857147,1561440.0
2020-12-03,2217386.142857143,212554.2857142857,127759.0,13695.42857142857,42307.000000000015,2374.285714285714,5975934.114857144,3319963.3971428573,1653148.0
2020-12-04,,,,,,,5979085.709142856,3321714.2828571424,1739614.0
2020-12-05,,,,,,,5982304.552714285,3323502.529285714,1789453.0
2020-12-06,,,,,,,5978082.315857143,3321156.842142857,1809973.0
2020-12-07,,,,,,,5967102.947142857,3315057.192857143,1819800.0
2020-12-08,,,,,,,5952820.641428571,3307122.5785714285,1830619.0
2020-12-09,,,,,,,5927717.734714286,3293176.5192857147,1834621.0
2020-12-10,2436554.142857143,219168.0,142451.7142857143,14692.714285714286,44976.57142857144,2669.5714285714284,5916686.857714286,3287048.2542857146,1838453.0
2020-12-11,,,,,,,5929578.694285715,3294210.385714286,1829106.0
2020-12-12,,,,,,,5978980.995428572,3321656.108571429,1833097.0
2020-12-13,,,,,,,5988261.821142857,3326812.1228571427,1827273.0
2020-12-14,,,,,,,6021393.868285715,3345218.8157142857,1822101.0
2020-12-15,,,,,,,6023130.469714286,3346183.5942857144,1826449.0
2020-12-16,,,,,,,6056458.027714286,3364698.9042857145,1819327.0
2020-12-17,2651468.8571428573,214914.7142857143,157586.85714285716,15135.142857142857,47766.285714285725,2789.714285714286,6088018.732714285,3382232.629285714,1801918.0
2020-12-18,,,,,,,6113799.69042857,3396555.383571428,1796888.0
2020-12-19,,,,,,,6119348.626285714,3399638.1257142858,1794845.0
2020-12-20,,,,,,,6164733.281142857,3424851.822857143,1799514.0
2020-12-21,,,,,,,6186852.907714286,3437140.504285714,1802328.0
2020-12-22,,,,,,,6225475.169571429,3458597.3164285715,1808506.0
2020-12-23,,,,,,,6260528.594571428,3478071.4414285715,1837888.0
2020-12-24,2837503.5714285714,186034.7142857143,172665.85714285716,15079.0,50201.7142857143,2435.4285714285716,6300632.547,3500351.415,1814495.0
2020-12-25,,,,,,,6326395.090714286,3514663.939285714,1680395.0
2020-12-26,,,,,,,6271237.608428571,3484020.8935714285,1578951.0
2020-12-27,,,,,,,6234157.158428572,3463420.643571429,1531362.0
2020-12-28,,,,,,,6192051.892714286,3440028.8292857143,1500736.0
2020-12-29,,,,,,,6140631.858428572,3411462.143571429,1485837.0
2020-12-30,,,,,,,6098794.6988571435,3388219.277142857,1472619.0
2020-12-31,3066492.1428571427,228988.57142857145,188785.42857142855,16119.57142857143,52969.85714285715,2768.1428571428573,6049672.299000001,3360929.055,1477717.0
2021-01-01,,,,,,,5988582.878142857,3326990.487857143,1502645.0
2021-01-02,,,,,,,5967006.549428573,3315003.638571429,1520621.0
2021-01-03,,,,,,,5911042.924285715,3283912.735714286,1534786.0
2021-01-04,,,,,,,5892593.411571429,3273663.006428572,1549764.0
2021-01-05,,,,,,,5905817.973,3281009.985,1561362.0
2021-01-06,,,,,,,5903116.842857143,3279509.3571428573,1583201.0
2021-01-07,3311409.2857142854,244917.14285714287,204656.42857142855,15871.0,56310.85714285715,3341.0,5908319.094857144,3282399.497142858,1631422.0
2021-01-08,,,,,,,5945072.463,3302818.035,1758614.0
2021-01-09,,,,,,,6014548.951714286,3341416.084285714,1843937.0
2021-01-10,,,,,,,6086759.53757143,3381533.076428572,1860638.0
2021-01-11,,,,,,,6140837.467285714,3411576.3707142854,1878652.0
2021-01-12,,,,,,,6185412.585000001,3436340.325,1888697.0
2021-01-13,,,,,,,6202194.230571428,3445663.461428571,1857383.0
2021-01-14,3508808.428571428,197399.14285714287,219218.2857142857,14561.857142857143,59392.85714285715,3082.0,6179728.429285714,3433182.4607142857,1833155.0
2021-01-15,,,,,,,6180215.212285715,3433452.8957142862,1819482.0
2021-01-16,,,,,,,6175405.212428572,3430780.6735714287,1802465.0
2021-01-17,,,,,,,6167820.468857144,3426566.9271428576,1790002.0
2021-01-18,,,,,,,6168200.544,3426778.0799999996,1755424.0
2021-01-19,,,,,,,6155643.087,3419801.715,1723900.0
2021-01-20,,,,,,,6130944.185142857,3406080.1028571427,1727515.0
2021-01-21,3672066.1428571423,163257.7142857143,231679.0,12460.714285714286,62610.7142857143,3217.8571428571427,6141435.667714285,3411908.704285714,1724592.0
2021-01-22,,,,,,,6115084.851857143,3397269.362142857,1708791.0
2021-01-23,,,,,,,6064271.673428572,3369039.818571429,1702534.0
2021-01-24,,,,,,,6058232.263285715,3365684.590714286,1692634.0
2021-01-25,,,,,,,6005720.075142858,3336511.152857143,1685189.0
2021-01-26,,,,,,,5946158.337428572,3303421.2985714287,1681986.0
2021-01-27,,,,,,,5891280.247285715,3272933.470714286,1672158.0
2021-01-28,3808765.285714285,136699.14285714287,242089.42857142855,10410.42857142857,65646.00000000001,3035.285714285714,5853759.685714286,3252088.714285714,1650864.0
2021-01-29,,,,,,,5817573.035999999,3231985.0199999996,1639038.0
2021-01-30,,,,,,,5807851.038000001,3226583.91,1623799.0
2021-01-31,,,,,,,5747613.370714285,3193118.5392857143,1616208.0
2021-02-01,,,,,,,5728119.096857143,3182288.387142857,1587020.0
2021-02-02,,,,,,,5704659.575999999,3169255.32,1564995.0
2021-02-03,,,,,,,5669315.600142857,3149619.777857143,1536916.0
2021-02-04,3912896.428571428,104131.14285714286,251110.7142857143,9021.285714285714,68384.42857142858,2738.4285714285716,5592594.178285714,3106996.7657142854,1539568.0
2021-02-05,,,,,,,5540225.313857144,3077902.9521428575,1537004.0
2021-02-06,,,,,,,5490382.731428572,3050212.628571429,1521281.0
2021-02-07,,,,,,,5454997.133142857,3030553.9628571426,1503652.0
2021-02-08,,,,,,,5398891.457142856,2999384.1428571423,1504915.0
2021-02-09,,,,,,,5325012.876857142,2958340.4871428567,1513815.0
2021-02-10,,,,,,,5269730.697000001,2927628.165,1480985.0
2021-02-11,3990016.428571428,77120.0,258246.42857142855,7135.714285714285,70436.00000000001,2051.5714285714284,5260504.901142857,2922502.722857143,1407255.0
2021-02-12,,,,,,,5223413.25,2901896.25,1347438.0
2021-02-13,,,,,,,5154804.255857143,2863780.142142857,1314086.0
2021-02-14,,,,,,,5085553.7841428565,2825307.6578571424,1290211.0
2021-02-15,,,,,,,5039700.081428572,2799833.3785714284,1255394.0
2021-02-16,,,,,,,5007323.305285715,2781846.2807142856,1191730.0
2021-02-17,,,,,,,4986082.119857144,2770045.6221428574,1166921.0
2021-02-18,4058063.285714285,68046.85714285714,264681.14285714284,6434.714285714285,72417.28571428572,1981.2857142857144,4914827.025428571,2730459.458571428,1166432.0
2021-02-19,,,,,,,4831937.337857143,2684409.632142857,1157700.0
2021-02-20,,,,,,,4810189.046142857,2672327.2478571427,1151410.0
2021-02-21,,,,,,,4757233.140000001,2642907.3000000003,1154092.0
2021-02-22,,,,,,,4692797.377714286,2607109.654285714,1188562.0
2021-02-23,,,,,,,4636970.627142858,2576094.792857143,1244893.0
2021-02-24,,,,,,,4574695.624714285,2541497.569285714,1276514.0
2021-02-25,4121584.999999999,63521.71428571428,270088.4285714286,5407.285714285715,74367.00000000001,1949.7142857142856,4569952.237714286,2538862.354285714,1304888.0
2021-02-26,,,,,,,4546787.086285715,2525992.825714286,1322805.0
2021-02-27,,,,,,,4468275.984857143,2482375.547142857,1325070.0
2021-02-28,,,,,,,4431871.8887142865,2462151.0492857145,1318490.0
2021-03-01,,,,,,,4406998.859999999,2448332.6999999997,1312022.0
2021-03-02,,,,,,,4389130.3641428575,2438405.757857143,1307547.0
2021-03-03,,,,,,,4353361.084285715,2418533.935714286,1314378.0
2021-03-04,4177678.285714285,56093.28571428572,274974.14285714284,4885.714285714285,75769.7142857143,1402.7142857142858,4299874.227,2388819.015,1306319.0
2021-03-05,,,,,,,4274865.469285714,2374925.2607142855,1299559.0
2021-03-06,,,,,,,4268040.536571428,2371133.631428571,1298399.0
2021-03-07,,,,,,,4270085.381571429,2372269.6564285713,1294617.0
2021-03-08,,,,,,,4253726.706428572,2363181.503571429,1292168.0
2021-03-09,,,,,,,4241746.023428571,2356525.5685714283,1281820.0
2021-03-10,,,,,,,4241095.423714286,2356164.1242857142,1263924.0
2021-03-11,4232390.142857142,54711.857142857145,279616.71428571426,4642.571428571428,76841.85714285716,1072.142857142857,4235760.073285714,2353200.0407142853,1256463.0
2021-03-12,,,,,,,4205158.466142857,2336199.147857143,1251632.0
2021-03-13,,,,,,,4208851.067142856,2338250.5928571424,1245693.0
2021-03-14,,,,,,,4166777.198571429,2314876.2214285717,1241227.0
2021-03-15,,,,,,,4180639.9705714285,2322577.7614285713,1237241.0
2021-03-16,,,,,,,4152586.793142857,2306992.6628571427,1231285.0
2021-03-17,,,,,,,4155099.795,2308388.775,1231893.0
2021-03-18,4289808.999999999,57418.857142857145,284361.5714285714,4744.857142857143,77884.00000000001,1042.142857142857,4141926.4024285725,2301070.223571429,1227985.0
2021-03-19,,,,,,,4140971.5050000004,2300539.725,1220330.0
2021-03-20,,,,,,,4127647.5334285707,2293137.518571428,1215221.0
2021-03-21,,,,,,,4136044.996285715,2297802.775714286,1220121.0
2021-03-22,,,,,,,4112199.7997142863,2284555.4442857145,1223567.0
2021-03-23,,,,,,,4086439.2925714287,2270244.0514285713,1228007.0
2021-03-24,,,,,,,4062956.817857143,2257198.2321428573,1233683.0
2021-03-25,4353669.142857142,63860.142857142855,289398.5714285714,5037.0,78787.42857142858,903.4285714285714,4042527.545571429,2245848.636428572,1229735.0
2021-03-26,,,,,,,4023241.8929999997,2235134.385,1234137.0
2021-03-27,,,,,,,3994469.2967142854,2219149.609285714,1235301.0
2021-03-28,,,,,,,3965362.8724285713,2202979.3735714285,1236613.0
2021-03-29,,,,,,,3951140.4334285706,2195078.018571428,1241400.0
2021-03-30,,,,,,,3949383.8905714285,2194102.161428571,1241619.0
2021-03-31,,,,,,,3924775.4888571436,2180430.8271428575,1230346.0
2021-04-01,4418996.857142856,65327.71428571428,294710.2857142857,5311.714285714285,79803.42857142858,1016.0,3926852.197714285,2181584.554285714,1228809.0
2021-04-02,,,,,,,3933264.555,2185146.975,1223944.0
2021-04-03,,,,,,,3945654.5888571437,2192030.3271428575,1219747.0
2021-04-04,,,,,,,3960037.747285715,2200020.970714286,1211098.0
2021-04-05,,,,,,,3947898.381428572,2193276.878571429,1202277.0
2021-04-06,,,,,,,3952969.698857143,2196094.277142857,1204757.0
2021-04-07,,,,,,,3939190.4687142866,2188439.1492857146,1216024.0
2021-04-08,4489962.999999999,70966.14285714286,300254.5714285714,5544.285714285715,80557.57142857143,754.1428571428571,3929481.241714285,2183045.134285714,1228110.0
2021-04-09,,,,,,,3908340.399857143,2171300.222142857,1243218.0
2021-04-10,,,,,,,3876629.879571429,2153683.2664285717,1249292.0
2021-04-11,,,,,,,3857975.4368571425,2143319.687142857,1261205.0
2021-04-12,,,,,,,3860179.134428571,2144543.9635714283,1276980.0
2021-04-13,,,,,,,3829835.2808571425,2127686.267142857,1286428.0
2021-04-14,,,,,,,3844933.6577142854,2136074.254285714,1289748.0
2021-04-15,4553717.142857142,63754.142857142855,305865.5714285714,5611.0,81279.14285714287,721.5714285714286,3828293.5114285713,2126829.7285714285,1284869.0
2021-04-16,,,,,,,3830237.715857142,2127909.8421428567,1286387.0
2021-04-17,,,,,,,3814696.299857143,2119275.722142857,1286572.0
2021-04-18,,,,,,,3799530.5039999997,2110850.28,1281730.0
2021-04-19,,,,,,,3787245.6505714287,2104025.3614285714,1275900.0
2021-04-20,,,,,,,3800428.9714285717,2111349.4285714286,1269063.0
2021-04-21,,,,,,,3798416.1600000006,2110231.2,1264807.0
2021-04-22,4606652.2857142845,52935.142857142855,310833.71428571426,4968.142857142857,81997.00000000001,717.8571428571429,3793610.869714286,2107561.5942857144,1265911.0
2021-04-23,,,,,,,3779111.5842857147,2099506.435714286,1258638.0
2021-04-24,,,,,,,3790221.9724285724,2105678.873571429,1256011.0
2021-04-25,,,,,,,3798849.2708571423,2110471.817142857,1252715.0
2021-04-26,,,,,,,3769745.986285714,2094303.3257142855,1249611.0
2021-04-27,,,,,,,3756571.9572857143,2086984.4207142857,1250185.0
2021-04-28,,,,,,,3730042.1777142864,2072245.6542857145,1239598.0
2021-04-29,4653440.142857142,46787.857142857145,315295.2857142857,4461.571428571428,82721.28571428572,724.2857142857143,3692653.738714286,2051474.2992857145,1228745.0
2021-04-30,,,,,,,3685184.3584285714,2047324.6435714285,1215008.0
2021-05-01,,,,,,,3663480.6591428574,2035267.0328571429,1201983.0
2021-05-02,,,,,,,3608433.363857143,2004685.2021428572,1192368.0
2021-05-03,,,,,,,3603154.1040000003,2001752.28,1177903.0
2021-05-04,,,,,,,3560676.1457142853,1978153.414285714,1156165.0
2021-05-05,,,,,,,3525711.141857143,1958728.4121428572,1148993.0
2021-05-06,4689911.57142857,36471.42857142857,319154.71428571426,3859.428571428571,83345.42857142858,624.1428571428571,3516098.100428572,1953387.833571429,1133056.0
2021-05-07,,,,,,,3469565.795142858,1927536.552857143,1113842.0
2021-05-08,,,,,,,3436967.669142857,1909426.4828571428,1106560.0
2021-05-09,,,,,,,3415487.526,1897493.07,1101290.0
2021-05-10,,,,,,,3373031.842714286,1873906.5792857143,1095884.0
2021-05-11,,,,,,,3354628.959,1863682.755,1083432.0
2021-05-12,,,,,,,3338955.7598571433,1854975.4221428572,1056793.0
2021-05-13,4720014.142857142,30102.571428571428,322486.8571428571,3332.1428571428573,83928.00000000001,582.5714285714286,3339604.8321428574,1855336.017857143,1040348.0
2021-05-14,,,,,,,3326530.5951428576,1848072.552857143,1026750.0
2021-05-15,,,,,,,3293177.1132857143,1829542.8407142856,1017398.0
2021-05-16,,,,,,,3272400.308571429,1818000.1714285717,1012773.0
2021-05-17,,,,,,,3243028.154142857,1801682.3078571428,1003775.0
2021-05-18,,,,,,,3220529.555571429,1789183.0864285715,986241.0
2021-05-19,,,,,,,3181242.310714286,1767356.8392857143,962500.0
2021-05-20,4743234.857142856,23220.714285714286,325460.14285714284,2973.285714285714,84495.85714285716,567.8571428571429,3228889.4267142857,1793827.4592857142,935325.0
2021-05-21,,,,,,,3286039.184999999,1825577.3249999995,920995.0
2021-05-22,,,,,,,3380144.1441428573,1877857.8578571428,909752.0
2021-05-23,,,,,,,3455008.722000001,1919449.2900000005,903384.0
2021-05-24,,,,,,,3556479.069,1975821.705,891252.0
2021-05-25,,,,,,,3625079.832,2013933.24,871066.0
2021-05-26,,,,,,,3715446.9612857136,2064137.2007142853,852560.0
2021-05-27,4759412.714285714,16177.857142857143,327906.14285714284,2446.0,85025.14285714287,529.2857142857143,3702415.237714287,2056897.354285715,841026.0
2021-05-28,,,,,,,3714307.4571428574,2063504.142857143,820018.0
2021-05-29,,,,,,,3671261.507571428,2039589.7264285712,801457.0
2021-05-30,,,,,,,3663668.6177142854,2035371.454285714,794246.0
2021-05-31,,,,,,,3651205.309714285,2028447.394285714,737388.0
2021-06-01,,,,,,,3627126.628714286,2015070.3492857143,685208.0
2021-06-02,,,,,,,3623314.0821428574,2012952.267857143,693214.0
2021-06-03,4773793.999999999,14381.285714285714,330015.14285714284,2109.0,85420.00000000001,394.8571428571428,3591714.215571428,1995396.7864285712,702193.0
2021-06-04,,,,,,,3552646.1991428575,1973692.332857143,706659.0
2021-06-05,,,,,,,3539932.6474285717,1966629.2485714287,712055.0
2021-06-06,,,,,,,3492756.064285714,1940420.0357142857,713345.0
2021-06-07,,,,,,,3410824.6260000006,1894902.5700000003,760299.0
2021-06-08,,,,,,,3418588.3757142853,1899215.764285714,785690.0
2021-06-09,,,,,,,3382261.032857143,1879033.907142857,751291.0
2021-06-10,4786294.142857142,12500.142857142857,331930.8571428571,1915.7142857142856,85753.57142857145,333.57142857142856,3365299.956857143,1869611.0871428573,722103.0
2021-06-11,,,,,,,3354823.112142857,1863790.6178571428,706754.0
2021-06-12,,,,,,,3356113.2801428577,1864507.377857143,698020.0
2021-06-13,,,,,,,3358881.7444285713,1866045.4135714285,694721.0
2021-06-14,,,,,,,3390963.981428571,1883868.8785714284,688230.0
2021-06-15,,,,,,,3387533.886000001,1881963.2700000005,680216.0
2021-06-16,,,,,,,3388110.829714286,1882283.7942857144,669426.0
2021-06-17,4798045.57142857,11751.42857142857,333688.14285714284,1757.2857142857142,86044.57142857145,291.0,3349721.7552857143,1860956.5307142856,660488.0
2021-06-18,,,,,,,3362737.483285714,1868187.4907142855,650314.0
2021-06-19,,,,,,,3332462.448857144,1851368.0271428577,641766.0
2021-06-20,,,,,,,3330436.2724285717,1850242.3735714287,639952.0
2021-06-21,,,,,,,3353478.720428571,1863043.7335714283,636120.0
2021-06-22,,,,,,,3334298.163428572,1852387.8685714288,629268.0
2021-06-23,,,,,,,3314780.935714286,1841544.9642857143,625278.0
2021-06-24,4811461.57142857,13416.0,335547.2857142857,1859.142857142857,86316.85714285716,272.2857142857143,3341418.102,1856343.39,621222.0
2021-06-25,,,,,,,3307621.453714286,1837567.4742857143,618333.0
2021-06-26,,,,,,,3287540.604857144,1826411.4471428576,617727.0
2021-06-27,,,,,,,3287638.3178571425,1826465.732142857,618498.0
2021-06-28,,,,,,,3260451.8712857147,1811362.150714286,615657.0
2021-06-29,,,,,,,3242745.070714286,1801525.0392857145,603367.0
2021-06-30,,,,,,,3232332.5901428573,1795740.3278571428,591325.0
2021-07-01,4827114.999999998,15653.42857142857,337663.2857142857,2116.0,86558.28571428572,241.42857142857144,3236150.185714286,1797861.2142857143,583662.0
2021-07-02,,,,,,,3193905.1602857145,1774391.755714286,573469.0
2021-07-03,,,,,,,3216159.7521428573,1786755.4178571429,566946.0
2021-07-04,,,,,,,3227913.060428571,1793285.0335714284,555711.0
2021-07-05,,,,,,,3186852.6831428567,1770473.7128571426,520664.0
2021-07-06,,,,,,,3155437.677857143,1753020.9321428572,505290.0
2021-07-07,,,,,,,3178246.938428572,1765692.7435714288,519166.0
2021-07-08,4852586.142857141,25471.14285714286,340459.8571428571,2796.5714285714284,86830.42857142858,272.14285714285717,3152114.078142857,1751174.487857143,531007.0
2021-07-09,,,,,,,3182354.745428571,1767974.8585714283,540223.0
2021-07-10,,,,,,,3206744.809714286,1781524.8942857145,545894.0
2021-07-11,,,,,,,3164649.811714286,1758138.7842857144,557658.0
2021-07-12,,,,,,,3177479.066142857,1765266.1478571428,597917.0
2021-07-13,,,,,,,3207478.527,1781932.515,619752.0
2021-07-14,,,,,,,3185746.3581428565,1769859.0878571426,617664.0
2021-07-15,4893701.571428569,41115.42857142857,344350.8571428571,3891.0,87111.71428571429,281.2857142857143,3206627.834142857,1781459.9078571429,623965.0
2021-07-16,,,,,,,3252192.725571428,1806773.7364285712,632521.0
2021-07-17,,,,,,,3227991.6805714285,1793328.7114285713,638458.0
2021-07-18,,,,,,,3274744.147714286,1819302.3042857144,646370.0
2021-07-19,,,,,,,3301019.440714286,1833899.6892857144,656737.0
2021-07-20,,,,,,,3324040.080428571,1846688.9335714283,679480.0
2021-07-21,,,,,,,3357570.6591428574,1865317.032857143,703135.0
2021-07-22,4958448.428571426,64746.857142857145,350051.8571428571,5701.0,87449.14285714286,337.42857142857144,3359910.976714286,1866617.2092857144,724269.0
2021-07-23,,,,,,,3330914.4,1850508.0,746531.0
2021-07-24,,,,,,,3354604.9868571423,1863669.437142857,764521.0
2021-07-25,,,,,,,3383031.1114285714,1879461.7285714285,778137.0
2021-07-26,,,,,,,3411257.949,1895143.305,795818.0
2021-07-27,,,,,,,3439092.661714286,1910607.0342857144,815121.0
2021-07-28,,,,,,,3471935.94,1928853.3,841136.0
2021-07-29,5054226.285714284,95777.85714285714,357991.8571428571,7940.0,87882.42857142857,433.2857142857143,3531198.513857143,1961776.9521428572,869318.0
2021-07-30,,,,,,,3591018.005142858,1995010.002857143,893704.0
2021-07-31,,,,,,,3662042.585142858,2034468.1028571432,909841.0
2021-08-01,,,,,,,3706447.479428571,2059137.4885714285,920782.0
2021-08-02,,,,,,,3815203.024285714,2119557.2357142856,947415.0
2021-08-03,,,,,,,3984136.327285714,2213409.0707142856,980467.0
2021-08-04,,,,,,,4121351.8122857143,2289639.895714286,1010829.0
2021-08-05,5183076.857142855,128850.57142857143,368151.57142857136,10159.714285714286,88577.85714285713,695.4285714285714,4264998.026142857,2369443.347857143,1049241.0
2021-08-06,,,,,,,4434820.7592857145,2463789.310714286,1089713.0
2021-08-07,,,,,,,4596538.277571429,2553632.3764285715,1124297.0
2021-08-08,,,,,,,4786431.252428573,2659128.473571429,1145176.0
2021-08-09,,,,,,,4918861.558285715,2732700.865714286,1168510.0
2021-08-10,,,,,,,5016862.648285715,2787145.915714286,1193110.0
2021-08-11,,,,,,,5139840.844285714,2855467.1357142855,1223469.0
2021-08-12,5325896.857142855,142820.0,379706.8571428571,11555.285714285714,89451.57142857142,873.7142857142857,5259263.483571429,2921813.0464285715,1245349.0
2021-08-13,,,,,,,5375537.116714287,2986409.5092857145,1273151.0
2021-08-14,,,,,,,5448135.287571427,3026741.826428571,1290978.0
2021-08-15,,,,,,,5514300.183857143,3063500.102142857,1302560.0
2021-08-16,,,,,,,5597054.481857143,3109474.7121428573,1323880.0
2021-08-17,,,,,,,5643224.362285715,3135124.645714286,1348083.0
2021-08-18,,,,,,,5700125.743714286,3166736.5242857146,1372773.0
2021-08-19,5470119.428571427,144222.57142857142,391771.57142857136,12064.714285714286,90574.28571428572,1122.7142857142858,5756888.468571429,3198271.3714285716,1389337.0
2021-08-20,,,,,,,5814275.699571428,3230153.166428571,1391734.0
2021-08-21,,,,,,,5920567.926428571,3289204.4035714283,1397734.0
2021-08-22,,,,,,,5985893.882571428,3325496.601428571,1404409.0
2021-08-23,,,,,,,6019657.818428571,3344254.3435714287,1410145.0
2021-08-24,,,,,,,6116235.345,3397908.525,1439211.0
2021-08-25,,,,,,,6191068.610571429,3439482.5614285716,1474668.0
2021-08-26,5638090.57142857,167971.14285714287,403769.1428571428,11997.57142857143,92031.0,1456.7142857142858,6258942.572142857,3477190.317857143,1518822.0
2021-08-27,,,,,,,6317822.737285715,3509901.520714286,1568879.0
2021-08-28,,,,,,,6383372.801142858,3546318.2228571433,1607050.0
2021-08-29,,,,,,,6479057.291142858,3599476.272857143,1628232.0
2021-08-30,,,,,,,6565813.324714286,3647674.0692857145,1649242.0
2021-08-31,,,,,,,6596521.851857143,3664734.362142857,1674024.0
2021-09-01,,,,,,,6621466.457571428,3678592.476428571,1690694.0
2021-09-02,5790734.714285713,152644.14285714287,415212.57142857136,11443.42857142857,93594.28571428572,1563.2857142857142,6683520.407142856,3713066.8928571423,1697562.0
2021-09-03,,,,,,,6749196.653571429,3749553.6964285714,1697790.0
2021-09-04,,,,,,,6734054.787428572,3741141.5485714287,1689073.0
2021-09-05,,,,,,,6718543.410857143,3732524.117142857,1691591.0
2021-09-06,,,,,,,6751470.697714285,3750817.054285714,1602027.0
2021-09-07,,,,,,,6754171.149,3752317.305,1525765.0
2021-09-08,,,,,,,6772830.640714286,3762683.689285714,1527656.0
2021-09-09,5945815.428571427,155080.7142857143,425949.1428571428,10736.57142857143,95572.42857142857,1978.142857142857,6764783.680285715,3758213.1557142856,1541888.0
2021-09-10,,,,,,,6738775.2205714295,3743764.011428572,1573930.0
2021-09-11,,,,,,,6758411.757428572,3754673.1985714287,1599326.0
2021-09-12,,,,,,,6788839.959,3771577.755,1599013.0
2021-09-13,,,,,,,6746687.215714286,3748159.564285714,1697938.0
2021-09-14,,,,,,,6730035.995571429,3738908.886428572,1766169.0
2021-09-15,,,,,,,6723810.790714285,3735450.439285714,1777458.0
2021-09-16,6077469.57142857,131654.14285714287,435480.57142857136,9531.42857142857,97625.57142857142,2053.1428571428573,6699020.328,3721677.96,1768176.0
2021-09-17,,,,,,,6692650.993285715,3718139.4407142857,1743068.0
2021-09-18,,,,,,,6645718.459285715,3692065.810714286,1722409.0
2021-09-19,,,,,,,6618934.23557143,3677185.686428572,1717087.0
2021-09-20,,,,,,,6635050.176857143,3686138.987142857,1699596.0
2021-09-21,,,,,,,6622460.728714285,3679144.849285714,1702951.0
2021-09-22,,,,,,,6625624.203,3680902.335,1692703.0
2021-09-23,6191723.57142857,114254.0,443655.1428571428,8174.571428571428,99618.42857142857,1992.857142857143,6627350.918571428,3681861.621428571,1689680.0
2021-09-24,,,,,,,6652813.959,3696007.755,1688344.0
2021-09-25,,,,,,,6642243.601714286,3690135.334285714,1680612.0
2021-09-26,,,,,,,6616191.780000002,3675662.100000001,1669129.0
2021-09-27,,,,,,,6588605.698714286,3660336.4992857142,1645591.0
2021-09-28,,,,,,,6577797.529285714,3654331.9607142857,1638379.0
2021-09-29,,,,,,,6529088.129142858,3627271.182857143,1630739.0
2021-09-30,6292397.428571427,100673.85714285714,450809.1428571428,7154.0,101422.71428571428,1804.2857142857144,6494857.818428571,3608254.3435714287,1621316.0
2021-10-01,,,,,,,6440368.204285714,3577982.3357142853,1608159.0
2021-10-02,,,,,,,6459197.537571428,3588443.0764285713,1603374.0
2021-10-03,,,,,,,6424637.514428571,3569243.0635714284,1592576.0
2021-10-04,,,,,,,6420537.174857143,3566965.0971428575,1599949.0
2021-10-05,,,,,,,6411842.4998571435,3562134.7221428575,1596346.0
2021-10-06,,,,,,,6403477.155428572,3557487.3085714285,1592384.0
2021-10-07,6380884.428571427,88487.0,457403.7142857142,6594.571428571428,103021.28571428572,1598.571428571429,6394613.275285714,3552562.9307142855,1588575.0
2021-10-08,,,,,,,6314481.911571429,3508045.506428572,1585297.0
2021-10-09,,,,,,,6312317.672571428,3506843.151428571,1573968.0
2021-10-10,,,,,,,6323043.827571429,3512802.1264285715,1562884.0
2021-10-11,,,,,,,6285942.799714286,3492190.444285714,1545545.0
2021-10-12,,,,,,,6261719.607000001,3478733.115,1517801.0
2021-10-13,,,,,,,6219426.128142857,3455236.737857143,1499794.0
2021-10-14,6456916.142857142,76031.71428571429,463289.1428571428,5885.428571428572,104718.57142857142,1697.2857142857142,6212503.482428571,3451390.823571428,1495518.0
2021-10-15,,,,,,,6242101.229571428,3467834.016428571,1482915.0
2021-10-16,,,,,,,6214987.3782857135,3452770.7657142854,1477690.0
2021-10-17,,,,,,,6212705.569714285,3451503.094285714,1473221.0
2021-10-18,,,,,,,6171196.34057143,3428442.4114285717,1483498.0
2021-10-19,,,,,,,6143027.375571429,3412792.9864285714,1491667.0
2021-10-20,,,,,,,6153330.814714286,3418517.119285714,1494181.0
2021-10-21,6528775.714285714,71859.57142857143,468603.4285714285,5314.285714285715,106081.42857142857,1362.857142857143,6111311.212285714,3395172.895714286,1488265.0
2021-10-22,,,,,,,6083825.9412857145,3379903.3007142856,1473345.0
2021-10-23,,,,,,,6010945.408285714,3339414.1157142855,1459609.0
2021-10-24,,,,,,,5935081.213285715,3297267.340714286,1450531.0
2021-10-25,,,,,,,5961131.125714285,3311739.514285714,1440116.0
2021-10-26,,,,,,,5952617.323714286,3307009.6242857142,1434652.0
2021-10-27,,,,,,,5911864.299000001,3284369.055,1422953.0
2021-10-28,6600624.428571428,71848.71428571429,473582.99999999994,4979.571428571428,107295.57142857142,1214.142857142857,5885412.757714286,3269673.7542857146,1401754.0
2021-10-29,,,,,,,5854916.882571428,3252731.601428571,1393399.0
2021-10-30,,,,,,,5846828.214857142,3248237.897142857,1386276.0
2021-10-31,,,,,,,5873769.127285715,3263205.070714286,1383176.0
2021-11-01,,,,,,,5832207.286714286,3240115.159285714,1367196.0
2021-11-02,,,,,,,5787969.391285714,3215538.5507142856,1359977.0
2021-11-03,,,,,,,5774589.329142856,3208105.1828571423,1372089.0
2021-11-04,6677124.857142856,76500.42857142857,478707.2857142857,5124.285714285715,108476.57142857142,1181.0,5785688.1342857145,3214271.185714286,1379863.0
2021-11-05,,,,,,,5799898.099285715,3222165.610714286,1384132.0
2021-11-06,,,,,,,5800128.189428572,3222293.4385714284,1392291.0
2021-11-07,,,,,,,5780772.487285715,3211540.270714286,1423798.0
2021-11-08,,,,,,,5739158.162571428,3188421.2014285713,1450853.0
2021-11-09,,,,,,,5785254.726428571,3214030.4035714283,1482373.0
2021-11-10,,,,,,,5810353.220571429,3227974.0114285713,1471929.0
2021-11-11,6764930.2857142845,87805.42857142857,484234.5714285714,5527.285714285715,109536.42857142857,1059.857142857143,5817611.858142857,3232006.587857143,1468086.0
2021-11-12,,,,,,,5807015.067857144,3226119.4821428577,1452594.0
2021-11-13,,,,,,,5856597.7328571435,3253665.4071428576,1451982.0
2021-11-14,,,,,,,5857370.314714286,3254094.6192857143,1443252.0
2021-11-15,,,,,,,5912620.503428571,3284789.1685714284,1444340.0
2021-11-16,,,,,,,5912907.872142857,3284948.8178571425,1442530.0
2021-11-17,,,,,,,5945887.218857144,3303270.6771428576,1461696.0
2021-11-18,6861074.57142857,96144.28571428572,490314.2857142857,6079.714285714285,110692.0,1155.571428571429,5970220.259142857,3316789.032857143,1484463.0
2021-11-19,,,,,,,6034655.682000001,3352586.49,1509913.0
2021-11-20,,,,,,,6012293.703428571,3340163.1685714284,1513474.0
2021-11-21,,,,,,,6022276.043142857,3345708.9128571427,1511299.0
2021-11-22,,,,,,,6021521.578285713,3345289.765714285,1496276.0
2021-11-23,,,,,,,6038049.6282857135,3354472.0157142854,1462432.0
2021-11-24,,,,,,,6042160.108285714,3356755.6157142855,1418550.0
2021-11-25,6948703.857142855,87629.28571428571,496851.1428571429,6536.857142857143,111737.28571428572,1045.2857142857142,6098643.228857143,3388135.1271428573,1255325.0
2021-11-26,,,,,,,6073597.600714286,3374220.8892857144,1125649.0
2021-11-27,,,,,,,6122321.341714285,3401289.634285714,1091593.0
2021-11-28,,,,,,,6141937.555285715,3412187.5307142856,1099858.0
2021-11-29,,,,,,,6202563.189428571,3445868.438571428,1130668.0
2021-11-30,,,,,,,6234839.197714285,3463799.554285714,1169573.0
2021-12-01,,,,,,,6308741.622857142,3504856.457142857,1214053.0
2021-12-02,7069712.857142855,121009.0,504394.71428571426,7543.571428571428,113002.85714285714,1265.571428571429,6317969.497714287,3509983.054285715,1399100.0
2021-12-03,,,,,,,6408824.555571429,3560458.086428572,1566725.0
2021-12-04,,,,,,,6488142.8181428565,3604523.7878571423,1633051.0
2021-12-05,,,,,,,6543531.408857143,3635295.227142857,1632859.0
2021-12-06,,,,,,,6578440.788857142,3654689.327142857,1622228.0
2021-12-07,,,,,,,6637194.304714286,3687330.169285714,1630317.0
2021-12-08,,,,,,,6656557.856142857,3698087.697857143,1641941.0
2021-12-09,7189979.57142857,120266.71428571428,512226.8571428571,7832.142857142857,114381.71428571428,1378.857142857143,6689091.024,3716161.68,1622929.0
2021-12-10,,,,,,,6737534.694,3743074.83,1611753.0
2021-12-11,,,,,,,6734000.521285715,3741111.4007142857,1602661.0
2021-12-12,,,,,,,6796533.065142857,3775851.702857143,1601393.0
2021-12-13,,,,,,,6845471.622,3803039.79,1611282.0
2021-12-14,,,,,,,6837004.194428572,3798335.663571429,1614780.0
2021-12-15,,,,,,,6836312.014714286,3797951.1192857143,1626357.0
2021-12-16,7353750.714285713,163771.14285714287,520299.4285714285,8072.571428571428,116054.57142857143,1672.857142857143,6828691.164428572,3793717.313571429,1653201.0
2021-12-17,,,,,,,6820748.069142857,3789304.4828571426,1672872.0
2021-12-18,,,,,,,6881193.84857143,3822885.471428572,1698271.0
2021-12-19,,,,,,,6959968.219285714,3866649.0107142855,1731523.0
2021-12-20,,,,,,,7056293.083714286,3920162.8242857144,1762159.0
2021-12-21,,,,,,,7245428.284285715,4025237.935714286,1796913.0
2021-12-22,,,,,,,7456475.720571428,4142486.511428571,1837751.0
2021-12-23,7654615.2857142845,300864.5714285714,531184.4285714285,10885.0,117484.14285714288,1429.571428571429,7765988.075999999,4314437.819999999,1880916.0
2021-12-24,,,,,,,8117036.645142857,4509464.802857143,1850977.0
2021-12-25,,,,,,,8504556.220285714,4724753.455714285,1774468.0
2021-12-26,,,,,,,8798953.779000001,4888307.655,1763619.0
2021-12-27,,,,,,,9105251.279142857,5058472.932857143,1783408.0
2021-12-28,,,,,,,9420352.495714284,5233529.164285714,1797034.0
2021-12-29,,,,,,,9786704.838428572,5437058.243571429,1788434.0
2021-12-30,8238995.999999999,584380.7142857143,547985.5714285714,16801.14285714286,118841.0,1356.857142857143,10123639.543285714,5624244.190714286,1784165.0
2021-12-31,,,,,,,10484633.15742857,5824796.198571428,1818888.0
2022-01-01,,,,,,,10705070.460857144,5947261.367142857,1864184.0
2022-01-02,,,,,,,11004435.853714284,6113575.474285713,1918918.0
2022-01-03,,,,,,,11323665.837000001,6290925.465000001,1997101.0
2022-01-04,,,,,,,11664255.890571428,6480142.161428572,2089340.0
2022-01-05,,,,,,,11939815.587857144,6633230.882142858,2211739.0
2022-01-06,9023113.857142856,784117.8571428572,568984.7142857142,20999.14285714286,120714.42857142858,1873.428571428571,12173799.612857142,6763222.007142857,2328987.0
2022-01-07,,,,,,,12369680.616857143,6872044.787142857,2457791.0
2022-01-08,,,,,,,12692262.28757143,7051256.826428572,2592844.0
2022-01-09,,,,,,,12921317.470285714,7178509.705714285,2637644.0
2022-01-10,,,,,,,13133129.427000001,7296183.015000001,2620830.0
2022-01-11,,,,,,,13276567.910571428,7375871.061428571,2584289.0
2022-01-12,,,,,,,13369056.426,7427253.57,2544360.0
2022-01-13,9827420.142857142,804306.2857142857,590414.7142857142,21430.0,122740.28571428572,2025.857142857143,13513984.449428571,7507769.138571428,2520490.0
2022-01-14,,,,,,,13612472.19514286,7562484.552857144,2507299.0
2022-01-15,,,,,,,13630498.482857144,7572499.157142857,2487745.0
2022-01-16,,,,,,,13714146.581142856,7618970.322857142,2447723.0
2022-01-17,,,,,,,13734375.039,7630208.355,2390136.0
2022-01-18,,,,,,,13744627.733571429,7635904.296428571,2374929.0
2022-01-19,,,,,,,13756803.715285713,7642668.730714285,2379384.0
2022-01-20,10460790.999999998,633370.8571428572,609995.5714285714,19580.85714285714,125172.0,2431.714285714286,13733130.651428573,7629517.02857143,2346546.0
2022-01-21,,,,,,,13698987.998142859,7610548.887857144,2297413.0
2022-01-22,,,,,,,13663730.449285714,7590961.360714286,2253020.0
2022-01-23,,,,,,,13562911.89,7534951.05,2219532.0
2022-01-24,,,,,,,13455383.888571428,7475213.271428571,2193698.0
2022-01-25,,,,,,,13353861.227142857,7418811.792857143,2101425.0
2022-01-26,,,,,,,13232048.756142857,7351138.197857142,1977738.0
2022-01-27,10849256.428571427,388465.4285714286,626052.9999999999,16057.42857142857,127650.7142857143,2478.714285714286,13029962.446285715,7238868.025714286,1871811.0
2022-01-28,,,,,,,12823252.482857144,7124029.157142857,1786852.0
2022-01-29,,,,,,,12630111.219,7016728.455,1710851.0
2022-01-30,,,,,,,12509162.211857144,6949534.562142857,1655994.0
2022-01-31,,,,,,,12308013.276428573,6837785.153571429,1610760.0
2022-02-01,,,,,,,12060016.11257143,6700008.951428572,1585407.0
2022-02-02,,,,,,,11859993.655714285,6588885.364285714,1556051.0
2022-02-03,11062876.142857142,213619.7142857143,638139.1428571427,12086.142857142857,129960.57142857143,2309.8571428571427,11661852.269571427,6478806.816428571,1491099.0
2022-02-04,,,,,,,11395735.517571429,6330964.176428571,1431825.0
2022-02-05,,,,,,,11128424.189142859,6182457.882857144,1416224.0
2022-02-06,,,,,,,10808999.883000001,6004999.9350000005,1396926.0
2022-02-07,,,,,,,10606966.693714285,5892759.274285714,1397764.0
2022-02-08,,,,,,,10377859.451142857,5765477.472857143,1379840.0
2022-02-09,,,,,,,10101952.306285715,5612195.725714286,1332788.0
2022-02-10,11195727.428571427,132851.2857142857,646803.857142857,8664.714285714286,132106.57142857145,2146.0,9795573.937285714,5441985.520714285,1314404.0
2022-02-11,,,,,,,9608259.219428573,5337921.788571429,1303943.0
2022-02-12,,,,,,,9424919.719285715,5236066.510714286,1271405.0
2022-02-13,,,,,,,9264516.298714288,5146953.499285715,1252763.0
2022-02-14,,,,,,,9059213.35157143,5032896.306428572,1215091.0
2022-02-15,,,,,,,8922957.728142858,4957198.737857142,1206099.0
2022-02-16,,,,,,,8702958.075428572,4834976.708571428,1217838.0
2022-02-17,11274419.285714284,78691.85714285714,652809.9999999999,6006.142857142857,133914.14285714287,1807.571428571429,8573108.105571426,4762837.836428571,1224621.0
2022-02-18,,,,,,,8396616.831428573,4664787.128571429,1219221.0
2022-02-19,,,,,,,8204328.933428571,4557960.518571428,1220804.0
2022-02-20,,,,,,,8012774.625428571,4451541.458571428,1215000.0
2022-02-21,,,,,,,7853465.310428572,4363036.283571429,1175786.0
2022-02-22,,,,,,,7732727.30057143,4295959.611428572,1124108.0
2022-02-23,,,,,,,7700592.409714286,4278106.894285714,1086168.0
2022-02-24,11327391.428571427,52972.142857142855,657128.2857142856,4318.285714285715,135448.28571428574,1534.142857142857,7632085.413857144,4240047.452142858,1046308.0
2022-02-25,,,,,,,7540008.031285714,4188893.350714286,1012815.0
2022-02-26,,,,,,,7452754.777285715,4140419.320714286,984911.0
2022-02-27,,,,,,,7368631.691142856,4093684.272857142,979760.0
2022-02-28,,,,,,,7348114.549285715,4082285.860714286,1005601.0
2022-03-01,,,,,,,7226408.955857143,4014671.642142857,1014029.0
2022-03-02,,,,,,,7125244.561285715,3958469.200714286,995098.0
2022-03-03,11366094.57142857,38703.142857142855,660301.5714285712,3173.285714285714,136756.71428571432,1308.428571428571,7055773.121571428,3919873.956428571,990219.0
2022-03-04,,,,,,,6994553.657142856,3885863.1428571423,980394.0
2022-03-05,,,,,,,6935204.868428571,3852891.593571428,974848.0
2022-03-06,,,,,,,6899729.109428572,3833182.838571429,965244.0
2022-03-07,,,,,,,6803874.099,3779930.055,950537.0
2022-03-08,,,,,,,6736231.627714287,3742350.9042857145,939715.0
2022-03-09,,,,,,,6707376.253285715,3726320.1407142864,924177.0
2022-03-10,11396630.0,30535.428571428572,662705.5714285712,2404.0,137912.28571428574,1155.571428571429,6609820.069285714,3672122.2607142855,896629.0
2022-03-11,,,,,,,6513462.322714285,3618590.179285714,887129.0
2022-03-12,,,,,,,6507096.297428573,3615053.498571429,882248.0
2022-03-13,,,,,,,6413343.156,3562968.4200000004,881833.0
2022-03-14,,,,,,,6365226.228428572,3536236.793571429,882607.0
2022-03-15,,,,,,,6370227.496285714,3539015.2757142857,885414.0
2022-03-16,,,,,,,6261656.388428573,3478697.993571429,894631.0
2022-03-17,11424391.142857144,27761.14285714286,664573.8571428569,1868.2857142857144,138735.85714285716,823.5714285714286,6261156.622285714,3478420.3457142855,907809.0
2022-03-18,,,,,,,6301498.811142857,3500832.672857143,908929.0
2022-03-19,,,,,,,6297931.162285714,3498850.645714286,905646.0
2022-03-20,,,,,,,6315428.959714285,3508571.644285714,905995.0
2022-03-21,,,,,,,6287670.957857142,3493150.5321428566,903202.0
2022-03-22,,,,,,,6237313.207714286,3465174.004285714,891653.0
2022-03-23,,,,,,,6283298.014714286,3490721.1192857143,877903.0
2022-03-24,11452099.571428573,27708.428571428572,666184.4285714284,1610.571428571429,139455.42857142858,719.5714285714286,6288597.300857143,3493665.167142857,861217.0
2022-03-25,,,,,,,6260303.85042857,3477946.583571428,855609.0
2022-03-26,,,,,,,6200498.827285715,3444721.570714286,857920.0
2022-03-27,,,,,,,6232021.219285714,3462234.0107142855,855203.0
2022-03-28,,,,,,,6215182.761857145,3452879.312142858,844973.0
2022-03-29,,,,,,,6275868.390000001,3486593.5500000003,831872.0
2022-03-30,,,,,,,6268583.022428571,3482546.1235714285,824366.0
2022-03-31,11480071.571428573,27972.0,667700.2857142856,1515.857142857143,140004.7142857143,549.2857142857143,6260121.365142858,3477845.2028571432,819060.0
2022-04-01,,,,,,,6272700.842571429,3484833.8014285713,811074.0
2022-04-02,,,,,,,6302675.100857143,3501486.1671428573,806532.0
2022-04-03,,,,,,,6280376.892428571,3489098.2735714284,803620.0
2022-04-04,,,,,,,6314428.112142858,3508015.6178571433,802015.0
2022-04-05,,,,,,,6291726.068571429,3495403.3714285716,804972.0
2022-04-06,,,,,,,6325159.019142857,3513977.2328571426,796640.0
2022-04-07,11512828.857142858,32757.285714285714,669243.2857142856,1543.0,140541.7142857143,537.0,6304398.591857144,3502443.6621428574,794715.0
2022-04-08,,,,,,,6308091.702,3504495.3899999997,794712.0
2022-04-09,,,,,,,6299231.767714287,3499573.204285715,794213.0
2022-04-10,,,,,,,6359463.452571429,3533035.2514285715,794338.0
2022-04-11,,,,,,,6360154.147285714,3533418.9707142855,792436.0
2022-04-12,,,,,,,6409304.762142858,3560724.867857143,776708.0
2022-04-13,,,,,,,6446285.844428572,3581269.9135714285,764947.0
2022-04-14,11555238.571428573,42409.71428571428,670930.2857142856,1687.0,140974.7142857143,433.0,6551982.798428572,3639990.443571429,748197.0
2022-04-15,,,,,,,6623831.214,3679906.23,718069.0
2022-04-16,,,,,,,6732716.887285715,3740398.270714286,698771.0
2022-04-17,,,,,,,6795367.425000002,3775204.125000001,691884.0
2022-04-18,,,,,,,6889189.724999999,3827327.624999999,675152.0
2022-04-19,,,,,,,6936691.395857142,3853717.442142857,653011.0
2022-04-20,,,,,,,7049625.264,3916458.48,640440.0
2022-04-21,11608090.000000002,52851.42857142857,672977.9999999999,2047.7142857142856,141394.2857142857,419.57142857142856,7085527.260428572,3936404.0335714286,634205.0
2022-04-22,,,,,,,7158406.266000001,3976892.37,642908.0
2022-04-23,,,,,,,7177140.135000001,3987300.075,649706.0
2022-04-24,,,,,,,7185522.408428572,3991956.893571429,652960.0
2022-04-25,,,,,,,7263835.877571428,4035464.376428571,678666.0
2022-04-26,,,,,,,7280938.5801428575,4044965.877857143,726361.0
2022-04-27,,,,,,,7256084.347285714,4031157.9707142855,763831.0
2022-04-28,11673202.428571433,65112.42857142857,675436.4285714284,2458.4285714285716,141790.85714285713,396.57142857142856,7324591.428,4069217.46,796913.0
2022-04-29,,,,,,,7423470.831857144,4124150.4621428577,829407.0
2022-04-30,,,,,,,7463589.125142858,4146438.4028571434,845470.0
2022-05-01,,,,,,,7528952.460857144,4182751.3671428575,851999.0
2022-05-02,,,,,,,7434062.805441252,4130034.8919118065,841261.0
2022-05-03,,,,,,,7277333.160399693,4042962.866888718,823525.0
2022-05-04,,,,,,,7172007.233513681,3984448.463063156,811606.0
2022-05-05,11757411.571428576,84209.14285714286,678289.7142857141,2853.285714285714,142131.85714285713,341.0,7117157.159834557,3953976.199908087,805399.0
2022-05-06,,,,,,,7062121.513165702,3923400.840647612,799171.0
2022-05-07,,,,,,,7112252.730820232,3951251.517122351,804844.0
2022-05-08,,,,,,,7139116.630286083,3966175.9057144905,807884.0
2022-05-09,,,,,,,7206824.26111087,4003791.2561727054,815546.0
2022-05-10,,,,,,,7324813.335343779,4069340.741857655,828898.0
2022-05-11,,,,,,,7468977.037937824,4149431.6877432354,845212.0
2022-05-12,11858970.000000004,101558.42857142857,681767.7142857141,3478.0,142459.0,327.14285714285717,7545521.47779743,4191956.376554128,853874.0
2022-05-13,,,,,,,7553872.262335335,4196595.701297408,854819.0
2022-05-14,,,,,,,7605779.678605864,4225433.154781035,860693.0
2022-05-15,,,,,,,7637671.722412528,4243150.956895849,864302.0
2022-05-16,,,,,,,7710442.844814266,4283579.3582301475,872537.0
2022-05-17,,,,,,,7731589.328834589,4295327.404908105,874930.0
2022-05-18,,,,,,,7771673.094616529,4317596.163675849,879466.0
2022-05-19,11968355.714285718,109385.71428571428,685539.7142857141,3772.0,142837.2857142857,378.2857142857143,7861499.258455469,4367499.588030816,889631.0
2022-05-20,,,,,,,8003771.883916062,4446539.935508924,905731.0
2022-05-21,,,,,,,8052003.187628106,4473335.104237837,911189.0
2022-05-22,,,,,,,8104264.076260029,4502368.931255572,917103.0
2022-05-23,,,,,,,8118968.526493969,4510538.0702744275,918767.0
2022-05-24,,,,,,,8159794.584234836,4533219.213463797,923387.0
2022-05-25,,,,,,,8134636.188912703,4519242.327173724,920540.0
2022-05-26,12070423.28571429,102067.57142857143,689633.7142857141,4094.0,143137.42857142858,300.14285714285717,8049581.9019525675,4471989.945529204,910915.0
2022-05-27,,,,,,,7765125.019121728,4313958.343956515,878725.0
2022-05-28,,,,,,,7575637.322988094,4208687.401660052,857282.0
2022-05-29,,,,,,,7483372.199855545,4157428.999919747,846841.0
2022-05-30,,,,,,,6866492.234752868,3814717.9081960376,777033.0
2022-05-31,,,,,,,6321305.301349682,3511836.2785276007,715338.0
2022-06-01,,,,,,,6234439.468537406,3463577.482520781,705508.0
2022-06-02,12178938.85714286,108515.57142857143,693912.1428571426,4278.428571428572,143469.57142857145,332.14285714285717,6178829.429281287,3432683.0162673816,699215.0
2022-06-03,,,,,,,6311142.970959639,3506190.5394220217,714188.0
2022-06-04,,,,,,,6374202.440232111,3541223.5779067283,721324.0
2022-06-05,,,,,,,6416990.2695787065,3564994.5942103923,726166.0
2022-06-06,,,,,,,6873208.209619329,3818449.005344072,777793.0
2022-06-07,,,,,,,7168764.1245979015,3982646.735887723,811239.0
2022-06-08,,,,,,,6872395.223188127,3817997.346215626,777701.0
2022-06-09,12282860.142857146,103921.28571428572,698417.2857142854,4505.142857142857,143781.71428571432,312.14285714285717,6341983.434491159,3523324.130272866,717678.0
2022-06-10,,,,,,,5849402.025272252,3249667.791817918,661936.0
2022-06-11,,,,,,,5615880.509718114,3119933.616510063,635510.0
2022-06-12,,,,,,,5588963.5893980535,3104979.7718878076,632464.0
2022-06-13,,,,,,,5500542.4781956505,3055856.9323309166,622458.0
2022-06-14,,,,,,,5289042.2907562805,2938356.8281979337,598524.0
2022-06-15,,,,,,,5211605.333184158,2895336.296213421,589761.0
2022-06-16,12380486.571428576,97626.42857142857,703005.2857142854,4588.0,144074.28571428574,292.57142857142856,5379151.232484335,2988417.351380186,608721.0
2022-06-17,,,,,,,5499517.408347611,3055287.4490820062,622342.0
2022-06-18,,,,,,,5523535.8553042505,3068631.0307245837,625060.0
2022-06-19,,,,,,,5466043.575723714,3036690.8754020636,618554.0
2022-06-20,,,,,,,5238628.295212637,2910349.052895909,592819.0
2022-06-21,,,,,,,4934597.880369673,2741443.2668720405,558414.0
2022-06-22,,,,,,,4877370.705060182,2709650.391700101,551938.0
2022-06-23,12490822.714285718,110336.14285714286,708209.8571428569,5204.571428571428,144447.71428571432,373.42857142857144,4991409.725654528,2773005.403141404,564843.0
2022-06-24,,,,,,,5066213.314134274,2814562.9522968186,573308.0
2022-06-25,,,,,,,5090788.480060106,2828215.8222556147,576089.0
2022-06-26,,,,,,,5125278.545723007,2847376.969846115,579992.0
2022-06-27,,,,,,,5188488.240749071,2882493.467082817,587145.0
2022-06-28,,,,,,,5130545.28390776,2850302.9355043108,580588.0
2022-06-29,,,,,,,4923569.542694218,2735316.412607899,557166.0
2022-06-30,12601531.142857147,110708.42857142857,713707.4285714284,5497.571428571428,144786.4285714286,338.7142857142857,4740117.387131366,2633398.5484063146,536406.0
2022-07-01,,,,,,,4634243.578085194,2574579.7656028857,524425.0
2022-07-02,,,,,,,4604843.514426351,2558246.396903528,521098.0
2022-07-03,,,,,,,4569602.31999549,2538667.9555530497,517110.0
2022-07-04,,,,,,,4304524.559378011,2391402.5329877837,487113.0
2022-07-05,,,,,,,4381881.98566882,2434378.880927122,495867.0
2022-07-06,,,,,,,4690852.176762247,2606028.9870901373,530831.0
2022-07-07,12725194.857142862,123663.71428571428,719999.8571428569,6292.428571428572,145172.57142857148,386.1428571428572,4828927.317931302,2682737.398850723,546456.0
2022-07-08,,,,,,,4930382.722460064,2739101.5124778133,557937.0
2022-07-09,,,,,,,4992443.632311601,2773579.795728667,564960.0
2022-07-10,,,,,,,5044386.39581827,2802436.8865657053,570838.0
2022-07-11,,,,,,,5416363.03532996,3009090.575183311,612932.0
2022-07-12,,,,,,,5595997.68938977,3108887.605216539,633260.0
2022-07-13,,,,,,,5512498.680819761,3062499.2671220894,623811.0
2022-07-14,12853902.714285718,128707.85714285714,726603.9999999998,6604.142857142857,145577.1428571429,404.57142857142856,5437624.3978677355,3020902.443259853,615338.0
2022-07-15,,,,,,,5427762.5189848775,3015423.621658265,614222.0
2022-07-16,,,,,,,5389013.111367194,2993896.1729817744,609837.0
2022-07-17,,,,,,,5373999.372817035,2985555.207120575,608138.0
2022-07-18,,,,,,,5293920.209343501,2941066.782968612,599076.0
2022-07-19,,,,,,,5213452.226272436,2896362.347929131,589970.0
2022-07-20,,,,,,,5257388.840793557,2920771.578218643,594942.0
2022-07-21,12986252.000000004,132349.2857142857,733285.1428571426,6681.142857142857,146029.57142857148,452.42857142857144,5294273.681704895,2941263.156502719,599116.0
2022-07-22,,,,,,,5270688.238390962,2928160.132439423,596447.0
2022-07-23,,,,,,,5295652.223914327,2942029.013285737,599272.0
2022-07-24,,,,,,,5291534.2709041005,2939741.261613389,598806.0
2022-07-25,,,,,,,5366921.088780145,2981622.8271000804,607337.0
2022-07-26,,,,,,,5355707.178114959,2975392.876730533,606068.0
2022-07-27,,,,,,,5130068.09621988,2850037.8312332663,580534.0
2022-07-28,13105844.714285718,119592.71428571428,739807.2857142854,6522.142857142857,146536.28571428577,506.7142857142857,5056740.254848947,2809300.1415827484,572236.0
2022-07-29,,,,,,,5030318.195834837,2794621.2199082426,569246.0
2022-07-30,,,,,,,4983350.555814771,2768528.086563762,563931.0
2022-07-31,,,,,,,4948745.611634418,2749303.117574677,560015.0
2022-08-01,,,,,,,4935773.175971304,2742096.2088729464,558547.0
2022-08-02,,,,,,,4988095.92226647,2771164.40125915,564468.0
2022-08-03,,,,,,,5096921.225530271,2831622.903072373,576783.0
2022-08-04,13216344.428571433,110499.71428571428,746180.8571428569,6373.571428571428,147055.71428571435,519.4285714285714,5075995.661735819,2819997.5898532327,574415.0
2022-08-05,,,,,,,5018255.951502308,2787919.973056838,567881.0
2022-08-06,,,,,,,4978128.001675193,2765626.6675973297,563340.0
2022-08-07,,,,,,,4966454.576940196,2759141.431633442,562019.0
2022-08-08,,,,,,,4893886.70114626,2718825.9450812554,553807.0
2022-08-09,,,,,,,4849640.798308918,2694244.887949399,548800.0
2022-08-10,,,,,,,4832868.534760832,2684926.9637560174,546902.0
2022-08-11,13315390.714285718,99046.28571428572,752155.4285714284,5974.571428571428,147519.28571428577,463.57142857142856,4772884.2750324765,2651602.3750180425,540114.0
2022-08-12,,,,,,,4731881.481110915,2628823.045061619,535474.0
2022-08-13,,,,,,,4713262.32447455,2618479.0691525275,533367.0
2022-08-14,,,,,,,4703020.462803194,2612789.1460017744,532208.0
2022-08-15,,,,,,,4693185.09434744,2607325.0524152443,531095.0
2022-08-16,,,,,,,4691674.000002486,2606485.5555569367,530924.0
2022-08-17,,,,,,,4649027.559600447,2582793.088666915,526098.0
2022-08-18,13408562.000000004,93171.28571428572,757756.5714285712,5601.142857142857,147967.57142857148,448.2857142857143,4634720.765773075,2574844.8698739302,524479.0
2022-08-19,,,,,,,4616923.432376948,2564957.4624316376,522465.0
2022-08-20,,,,,,,4612690.60084927,2562605.8893607054,521986.0
2022-08-21,,,,,,,4581090.171740755,2545050.0954115307,518410.0
2022-08-22,,,,,,,4603084.9894284215,2557269.438571345,520899.0
2022-08-23,,,,,,,4604083.548849355,2557824.1938051973,521012.0
2022-08-24,,,,,,,4616384.387025824,2564657.9927921244,522404.0
2022-08-25,13496381.142857147,87819.14285714286,763076.7142857141,5320.142857142857,148531.4285714286,563.8571428571429,4630169.809120143,2572316.5606223014,523964.0
2022-08-26,,,,,,,4647162.992894101,2581757.2182745,525887.0
2022-08-27,,,,,,,4641480.924684712,2578600.5137137286,525244.0
2022-08-28,,,,,,,4648267.594023453,2582370.885568585,526012.0
2022-08-29,,,,,,,4643027.366265805,2579459.647925447,525419.0
2022-08-30,,,,,,,4654709.627809836,2585949.7932276865,526741.0
2022-08-31,,,,,,,4627280.172565756,2570711.206980976,523637.0
2022-09-01,13571561.428571433,75180.28571428571,767790.1428571426,4713.428571428572,148950.1428571429,418.7142857142857,4577325.691091922,2542958.71727329,517984.0
2022-09-02,,,,,,,4508433.92785647,2504685.515475817,510188.0
2022-09-03,,,,,,,4413367.536259882,2451870.8534777123,499430.0
2022-09-04,,,,,,,4388226.814555821,2437903.785864345,496585.0
2022-09-05,,,,,,,4070640.734653444,2261467.074807469,460646.0
2022-09-06,,,,,,,3867129.022581552,2148405.0125453067,437616.0
2022-09-07,,,,,,,3905065.4437680314,2169480.802093351,441909.0
2022-09-08,13638781.28571429,67219.85714285714,772258.1428571426,4468.0,149408.71428571432,458.57142857142856,3932088.40579651,2184493.558775839,444967.0
2022-09-09,,,,,,,3964395.7796278093,2202442.0997932274,448623.0
2022-09-10,,,,,,,4016329.706325444,2231294.2812919132,454500.0
2022-09-11,,,,,,,4002756.367647961,2223753.5375822005,452964.0
2022-09-12,,,,,,,4277121.614561035,2376178.6747561307,484012.0
2022-09-13,,,,,,,4435203.291384921,2464001.8285471783,501901.0
2022-09-14,,,,,,,4393307.979750842,2440726.655417134,497160.0
2022-09-15,13695493.428571433,56712.142857142855,776355.2857142854,4097.142857142857,149856.57142857145,447.8571428571428,4353065.151406274,2418369.528559041,492606.0
2022-09-16,,,,,,,4326864.012618034,2403813.3403433524,489641.0
2022-09-17,,,,,,,4301272.613653197,2389595.896473998,486745.0
2022-09-18,,,,,,,4292692.072080387,2384828.9289335483,485774.0
2022-09-19,,,,,,,4289696.393817583,2383164.6632319908,485435.0
2022-09-20,,,,,,,4262982.720105325,2368323.733391847,482412.0
2022-09-21,,,,,,,4224401.211859303,2346889.562144057,478046.0
2022-09-22,13744351.28571429,48857.857142857145,780064.1428571426,3708.857142857142,150271.57142857145,415.0,4185413.210397679,2325229.5613320437,473634.0
2022-09-23,,,,,,,4145762.448258444,2303201.36014358,469147.0
2022-09-24,,,,,,,4110158.9446571562,2283421.6359206424,465118.0
2022-09-25,,,,,,,4095339.615905764,2275188.6755032022,463441.0
2022-09-26,,,,,,,4066946.9484768896,2259414.97137605,460228.0
2022-09-27,,,,,,,4022241.5315697375,2234578.628649854,455169.0
2022-09-28,,,,,,,3969485.781631866,2205269.87868437,449199.0
2022-09-29,13790097.428571433,45746.142857142855,783532.8571428569,3468.714285714286,150703.00000000003,431.42857142857144,3925292.8996487334,2180718.2775826296,444198.0
2022-09-30,,,,,,,3885138.4393945136,2158410.244108063,439654.0
2022-10-01,,,,,,,3872033.451595877,2151129.6953310426,438171.0
2022-10-02,,,,,,,3855862.091062157,2142145.6061456427,436341.0
2022-10-03,,,,,,,3830244.1816702154,2127913.4342612308,433442.0
2022-10-04,,,,,,,3804679.2931324826,2113710.7184069348,430549.0
2022-10-05,,,,,,,3758984.1536134314,2088324.5297852396,425378.0
2022-10-06,13828028.28571429,37930.857142857145,786892.8571428569,3360.0,151067.00000000003,364.0,3716938.61622576,2064965.8979032,420620.0
2022-10-07,,,,,,,3698814.320895346,2054896.844941859,418569.0
2022-10-08,,,,,,,3684427.99578666,2046904.4421037,416941.0
2022-10-09,,,,,,,3676227.437002347,2042348.576112415,416013.0
2022-10-10,,,,,,,3626334.8131917566,2014630.451773198,410367.0
2022-10-11,,,,,,,3567207.7239397797,1981782.068855433,403676.0
2022-10-12,,,,,,,3563204.6494470057,1979558.13858167,403223.0
2022-10-13,13865241.85714286,37213.57142857143,790189.1428571426,3296.285714285714,151427.85714285716,360.8571428571428,3563752.531607165,1979862.517559536,403285.0
2022-10-14,,,,,,,3536323.076363086,1964623.9313128253,400181.0
2022-10-15,,,,,,,3521088.4175870563,1956160.231992809,398457.0
2022-10-16,,,,,,,3520646.577135315,1955914.765075175,398407.0
2022-10-17,,,,,,,3558848.1025928403,1977137.8347738,402730.0
2022-10-18,,,,,,,3567941.1790896696,1982189.5439387052,403759.0
2022-10-19,,,,,,,3515945.394728792,1953302.997071551,397875.0
2022-10-20,13902674.28571429,37432.42857142857,793598.7142857141,3409.5714285714284,151791.85714285716,364.0,3493561.7574435943,1940867.643024219,395342.0
2022-10-21,,,,,,,3480766.0579611757,1933758.921089542,393894.0
2022-10-22,,,,,,,3484698.43798167,1935943.576656483,394339.0
2022-10-23,,,,,,,3495276.098396349,1941820.0546646384,395536.0
2022-10-24,,,,,,,3518578.763821168,1954765.9799006488,398173.0
2022-10-25,,,,,,,3570097.360494165,1983387.4224967584,404003.0
2022-10-26,,,,,,,3628968.182284133,2016093.434602296,410665.0
2022-10-27,13941842.428571433,39168.142857142855,796979.4285714284,3380.714285714286,152146.85714285716,355.0,3665013.5263371607,2036118.6257428671,414744.0
2022-10-28,,,,,,,3683402.9259386207,2046334.9588547891,416825.0
2022-10-29,,,,,,,3673814.988135841,2041008.326742134,415740.0
2022-10-30,,,,,,,3681688.5849858653,2045382.5472143695,416631.0
2022-10-31,,,,,,,3666992.9715609606,2037218.317533867,414968.0
2022-11-01,,,,,,,3624152.121360156,2013417.8452000867,410120.0
2022-11-02,,,,,,,3604516.731684787,2002509.2953804373,407898.0
2022-11-03,13983257.714285718,41415.28571428572,800508.2857142856,3528.8571428571427,152475.42857142858,328.57142857142856,3630576.48152847,2016986.9341824832,410847.0
2022-11-04,,,,,,,3672789.918287802,2040438.8434932232,415624.0
2022-11-05,,,,,,,3714490.820123115,2063606.0111795084,420343.0
2022-11-06,,,,,,,3742697.9145622593,2079276.619201255,423535.0
2022-11-07,,,,,,,3788357.7068451717,2104643.1704695397,428702.0
2022-11-08,,,,,,,3798051.6863563685,2110028.714642427,429799.0
2022-11-09,,,,,,,3783621.177202508,2102011.7651125044,428166.0
2022-11-10,14023463.857142862,40206.142857142855,803981.7142857141,3473.4285714285716,152791.14285714287,315.7142857142857,3778292.581354512,2099051.43408584,427563.0
2022-11-11,,,,,,,3709294.776410641,2060719.320228134,419755.0
2022-11-12,,,,,,,3668671.9652775773,2038151.091820876,415158.0
2022-11-13,,,,,,,3646111.591811682,2025617.55100649,412605.0
2022-11-14,,,,,,,3623613.076009032,2013118.3755605733,410059.0
2022-11-15,,,,,,,3620016.4947318607,2011120.2748510337,409652.0
2022-11-16,,,,,,,3642002.4756104914,2023334.708672495,412140.0
2022-11-17,14067500.857142862,44037.0,807734.1428571426,3752.428571428571,153163.28571428574,372.1428571428572,3634659.0873025567,2019255.0485014203,411309.0
2022-11-18,,,,,,,3682139.262246642,2045632.9234703565,416682.0
2022-11-19,,,,,,,3719174.32891157,2066207.9605064276,420873.0
2022-11-20,,,,,,,3728753.429905314,2071529.68328073,421957.0
2022-11-21,,,,,,,3716487.9389649844,2064715.5216472135,420569.0
2022-11-22,,,,,,,3716664.675145681,2064813.7084142673,420589.0
2022-11-23,,,,,,,3664200.539905958,2035666.966614421,414652.0
2022-11-24,14111682.571428576,44181.71428571428,812238.9999999998,4504.857142857143,153415.28571428574,252.0,3352216.996931657,1862342.776073143,379347.0
2022-11-25,,,,,,,3185201.306173569,1769556.2812075384,360447.0
2022-11-26,,,,,,,3169259.702674755,1760699.8348193082,358643.0
2022-11-27,,,,,,,3212948.8865429023,1784971.6036349456,363587.0
2022-11-28,,,,,,,3306362.7948499788,1836868.2193610992,374158.0
2022-11-29,,,,,,,3375996.8500443557,1875553.8055801976,382038.0
2022-11-30,,,,,,,3456199.728844377,1920110.9604690983,391114.0
2022-12-01,14179118.857142862,67436.28571428571,817257.7142857141,5018.714285714285,153807.28571428574,392.0,3819719.5421097456,2122066.412283192,432251.0
2022-12-02,,,,,,,4038969.611072651,2243872.0061514727,457062.0
2022-12-03,,,,,,,4081872.3189366995,2267706.843853722,461917.0
2022-12-04,,,,,,,4062820.158657629,2257122.3103653495,459761.0
2022-12-05,,,,,,,4056979.0278856135,2253877.2377142296,459100.0
2022-12-06,,,,,,,4060602.119589889,2255890.066438827,459510.0
2022-12-07,,,,,,,4084364.299084519,2269091.277269177,462199.0
2022-12-08,14244501.000000006,65382.142857142855,822460.1428571426,5202.428571428572,154181.00000000003,373.7142857142857,4089781.2630228624,2272100.701679368,462812.0
2022-12-09,,,,,,,4082110.9127806397,2267839.3959892443,461944.0
2022-12-10,,,,,,,4077056.258012723,2265031.254451513,461372.0
2022-12-11,,,,,,,4075589.3477129433,2264216.3042849684,461206.0
2022-12-12,,,,,,,4055308.870978032,2252949.372765573,458911.0
2022-12-13,,,,,,,4053338.2625632677,2251854.5903129266,458688.0
2022-12-14,,,,,,,4028515.6659844597,2238064.2588802553,455879.0
2022-12-15,14314019.14285715,69518.14285714286,828117.8571428569,5657.714285714285,154599.85714285716,418.8571428571428,3986116.656235396,2214509.253464109,451081.0
2022-12-16,,,,,,,3968867.2049994287,2204926.2249996825,449129.0
2022-12-17,,,,,,,3955285.0295129106,2197380.571951617,447592.0
2022-12-18,,,,,,,3947208.1860550856,2192893.43669727,446678.0
2022-12-19,,,,,,,3897766.2395052705,2165425.688614039,441083.0
2022-12-20,,,,,,,3816971.2944999165,2120539.608055509,431940.0
2022-12-21,,,,,,,3758224.1880364376,2087902.3266869097,425292.0
2022-12-22,14371522.71428572,57503.57142857143,834046.5714285712,5928.714285714285,154961.28571428574,361.42857142857144,3687565.06299402,2048647.2572189,417296.0
2022-12-23,,,,,,,3553872.979106237,1974373.8772812427,402167.0
2022-12-24,,,,,,,3422425.4447132973,1901347.4692851652,387292.0
2022-12-25,,,,,,,3294636.3492607726,1830353.527367096,372831.0
2022-12-26,,,,,,,3075598.3637147034,1708665.7576192797,348044.0
2022-12-27,,,,,,,2950380.779691312,1639100.4331618398,333874.0
2022-12-28,,,,,,,2936374.437371123,1631319.131872846,332289.0
2022-12-29,,,,,,,2954763.836972582,1641535.4649847678,334370.0
2022-12-30,,,,,,,3018406.5356413517,1676892.519800751,341572.0
2022-12-31,,,,,,,3089887.4839240066,1716604.1577355592,349661.0
2023-01-01,,,,,,,3141300.0388885858,1745166.6882714366,355479.0
2023-01-02,,,,,,,3160882.407709746,1756045.78206097,357695.0
2023-01-03,,,,,,,3178927.1717588473,1766070.6509771373,359737.0
2023-01-04,,,,,,,3192898.1668428965,1773832.3149127204,361318.0
2023-01-05,,,,,,,3199976.4508797876,1777764.6949332152,362119.0
2023-01-06,,,,,,,3206604.0576559016,1781446.6986977232,362869.0
2023-01-07,,,,,,,3207655.637931045,1782030.9099616918,362988.0
2023-01-08,,,,,,,3237188.2537254123,1798437.91873634,366330.0
2023-01-09,,,,,,,3372921.6405002386,1873845.355833466,381690.0
2023-01-10,,,,,,,3396807.535321356,1887115.2974007532,384393.0
2023-01-11,,,,,,,3333049.9581351336,1851694.4211861852,377178.0
2023-01-12,,,,,,,3250231.383860806,1805684.102144892,367806.0
2023-01-13,,,,,,,3173554.391865677,1763085.7732587096,359129.0
2023-01-14,,,,,,,3119066.6273569805,1732814.7929761002,352963.0
2023-01-15,,,,,,,3075147.686453928,1708415.3813632932,347993.0
2023-01-16,,,,,,,2936180.0275723566,1631211.126429087,332267.0
2023-01-17,,,,,,,2877910.108796757,1598838.9493315318,325673.0
2023-01-18,,,,,,,2859335.1362055666,1588519.5201142037,323571.0
2023-01-19,,,,,,,2870354.6370719867,1594641.4650399925,324818.0
2023-01-20,,,,,,,2878016.150505175,1598897.861391764,325685.0
2023-01-21,,,,,,,2874463.7532731774,1596924.3073739875,325283.0
2023-01-22,,,,,,,2870027.6751376987,1594459.8195209436,324781.0
2023-01-23,,,,,,,2937090.218902943,1631716.7882794128,332370.0
2023-01-24,,,,,,,2937284.628701709,1631824.7937231718,332392.0
2023-01-25,,,,,,,2903784.2856507087,1613213.4920281714,328601.0
2023-01-26,,,,,,,2867624.0630802275,1593124.4794890152,324509.0
2023-01-27,,,,,,,2831578.719027199,1573099.2883484438,320430.0
2023-01-28,,,,,,,2829245.8014420066,1571803.2230233368,320166.0
2023-01-29,,,,,,,2828203.057975898,1571223.921097721,320048.0
2023-01-30,,,,,,,2825923.1612449144,1569957.3118027302,319790.0
2023-01-31,,,,,,,2802611.659011061,1557006.477228367,317152.0
2023-02-01,,,,,,,2768642.965081215,1538134.9806006749,313308.0
2023-02-02,,,,,,,2765850.533426212,1536583.629681229,312992.0
2023-02-03,,,,,,,2753823.6363298227,1529902.0201832347,311631.0
2023-02-04,,,,,,,2734391.493262254,1519106.3851456968,309432.0
